name,datetime,tempmax,tempmin,temp,feelslikemax,feelslikemin,feelslike,dew,humidity,precip,precipprob,precipcover,preciptype,snow,snowdepth,windgust,windspeed,winddir,sealevelpressure,cloudcover,visibility,solarradiation,solarenergy,uvindex,severerisk,sunrise,sunset,moonphase,conditions,description,icon,stations
newyork,2017-01-01,88.6,57.3,69.2,84.8,57.3,68.8,44.9,46.1,0,0,0,,,,,6.9,273.5,1014.3,0,2.4,197.4,17,7,,2017-01-01T07:06:58,2017-01-01T17:53:26,0.11,Clear,Clear conditions throughout the day.,clear-day,"42752099999,42662099999,42754099999,remote"
newyork,2017-01-02,75.3,53.3,63.7,75.3,53.3,63.7,48.5,60.6,0,0,0,,,,,8.7,29.1,1017.4,0,2.1,196.6,16.9,7,,2017-01-02T07:07:16,2017-01-02T17:54:05,0.14,Clear,Clear conditions throughout the day.,clear-day,"42752099999,42662099999,42754099999,remote"
newyork,2017-01-03,82.1,49.7,63.4,79.9,46.9,63.1,42.8,51.5,0,0,0,,,,,11.4,64,1017.3,0,2.1,191.4,16.5,7,,2017-01-03T07:07:32,2017-01-03T17:54:44,0.18,Clear,Clear conditions throughout the day.,clear-day,"42752099999,42662099999,42754099999,remote"
newyork,2017-01-04,84.6,51.9,66,81.6,51.9,65.7,44,50.2,0,0,0,,,,,7.2,90.2,1016.5,0,2.2,203.6,17.5,7,,2017-01-04T07:07:47,2017-01-04T17:55:24,0.21,Clear,Clear conditions throughout the day.,clear-day,"42752099999,42662099999,42754099999,remote"
newyork,2017-01-05,82.5,51.9,67.4,80.7,51.9,67.2,43.5,47.1,0,0,0,,,,,5.4,121.9,1015.3,0,2.4,208.1,17.9,8,,2017-01-05T07:08:02,2017-01-05T17:56:04,0.25,Clear,Clear conditions throughout the day.,clear-day,"42752099999,42662099999,42754099999,remote"
newyork,2017-01-06,77.1,52.4,65.3,77.1,52.4,65.3,43.3,47.4,0,0,0,,,,,7.4,297.8,1013.3,0,2.3,207.6,17.9,8,,2017-01-06T07:08:14,2017-01-06T17:56:44,0.25,Clear,Clear conditions throughout the day.,clear-day,"42752099999,42662099999,42754099999,remote"
newyork,2017-01-07,83.4,52.4,65.1,80.9,52.4,64.9,46.8,55.2,0,0,0,,,,,8.5,292.1,1011.8,8.9,2.3,198.4,17,7,,2017-01-07T07:08:26,2017-01-07T17:57:25,0.32,Clear,Clear conditions throughout the day.,clear-day,"42752099999,42662099999,42754099999,remote"
newyork,2017-01-08,83.9,53,67,81.7,53,66.8,51.5,61.3,0,0,0,,,,,6.5,289,1011.9,16.8,2,197.4,17,7,,2017-01-08T07:08:36,2017-01-08T17:58:06,0.35,Clear,Clear conditions throughout the day.,clear-day,"42752099999,42662099999,42754099999,remote"
newyork,2017-01-09,83.4,55.5,66.4,81.4,55.5,66.2,51.2,61.2,0,0,0,,,,,7.4,15.8,1011.9,11.8,2.2,191.3,16.5,7,,2017-01-09T07:08:45,2017-01-09T17:58:48,0.39,Clear,Clear conditions throughout the day.,clear-day,"42752099999,42662099999,42754099999,remote"
newyork,2017-01-10,80.7,51.3,62.8,79.4,51.3,62.8,44.9,57.8,0,0,0,,,,,8.7,30,1014.6,1.4,1.7,195,16.9,7,,2017-01-10T07:08:52,2017-01-10T17:59:30,0.42,Clear,Clear conditions throughout the day.,clear-day,"42752099999,42662099999,42754099999,remote"
newyork,2017-01-11,78.2,47.6,59.6,78.2,44.6,59.5,37.8,48.5,0,0,0,,,,,6.9,40.8,1016.5,0,2.2,208.2,17.8,8,,2017-01-11T07:08:58,2017-01-11T18:00:12,0.46,Clear,Clear conditions throughout the day.,clear-day,"42752099999,42662099999,42754099999,remote"
newyork,2017-01-12,76.2,45.2,57.4,76.2,41.5,57,30.8,40.1,0,0,0,,,,,9.6,58.6,1015.3,0,2.4,215.9,18.3,8,,2017-01-12T07:09:03,2017-01-12T18:00:54,0.5,Clear,Clear conditions throughout the day.,clear-day,"42752099999,42662099999,42754099999,remote"
newyork,2017-01-13,78.5,44,57.6,78.5,39.3,57.1,25.2,32.3,0,0,0,,,,,10.3,60.6,1016,0,2.4,217,18.6,8,,2017-01-13T07:09:07,2017-01-13T18:01:36,0.53,Clear,Clear conditions throughout the day.,clear-day,"42752099999,42662099999,42754099999,remote"
newyork,2017-01-14,82.3,45,62.3,80,40.2,61.7,33.9,37.1,0,0,0,,,,,9.2,94.5,1016.4,5.8,2.4,205.1,17.7,8,,2017-01-14T07:09:09,2017-01-14T18:02:19,0.56,Clear,Clear conditions throughout the day.,clear-day,"42662099999,42754099999,remote"
newyork,2017-01-15,84.8,53.9,68,82.2,53.9,67.7,42.2,41.7,0,0,0,,,,,10.1,138.1,1015.8,17.9,2.5,180.7,15.6,7,,2017-01-15T07:09:09,2017-01-15T18:03:01,0.59,Clear,Clear conditions throughout the day.,clear-day,"42752099999,42662099999,42754099999,remote"
newyork,2017-01-16,85.4,56,69.1,83,56,69,51.1,54.5,0,0,0,,,,,7.2,216.5,1015.8,9.5,2.4,177,15.2,7,,2017-01-16T07:09:09,2017-01-16T18:03:44,0.62,Clear,Clear conditions throughout the day.,clear-day,"42752099999,42662099999,42754099999,remote"
newyork,2017-01-17,85.6,53.7,67.2,82.5,53.7,66.8,47.2,53.1,0,0,0,,,,,6.7,357,1015.9,0,2.3,205.3,17.6,8,,2017-01-17T07:09:07,2017-01-17T18:04:26,0.65,Clear,Clear conditions throughout the day.,clear-day,"42752099999,42662099999,42754099999,remote"
newyork,2017-01-18,85.4,53.7,66.6,82.7,53.7,66.4,48.4,55.3,0,0,0,,,,,9.2,49.4,1017.1,5.9,1.7,172.9,14.9,7,,2017-01-18T07:09:03,2017-01-18T18:05:09,0.69,Clear,Clear conditions throughout the day.,clear-day,"42752099999,42662099999,42754099999,remote"
newyork,2017-01-19,85.7,53.7,65.7,82.7,53.7,65.3,48.5,58,0,0,0,,,,,11.2,54.5,1019.7,7.9,1.5,176.7,15.1,7,,2017-01-19T07:08:58,2017-01-19T18:05:51,0.72,Clear,Clear conditions throughout the day.,clear-day,"42752099999,42662099999,42754099999,remote"
newyork,2017-01-20,78.9,53.7,65.4,78.9,53.7,65.4,47.5,55.1,0,0,0,,,,,10.3,67.1,1019.6,0.1,2.1,192,16.7,7,,2017-01-20T07:08:52,2017-01-20T18:06:34,0.75,Clear,Clear conditions throughout the day.,clear-day,"42752099999,42662099999,42754099999,remote"
newyork,2017-01-21,87,55.1,69.2,83.7,55.1,68.7,45.7,46.4,0,0,0,,,,,11.4,95.1,1017.7,3.5,2.4,199.1,17.1,7,,2017-01-21T07:08:44,2017-01-21T18:07:16,0.78,Clear,Clear conditions throughout the day.,clear-day,"42752099999,42662099999,42754099999,remote"
newyork,2017-01-22,90.2,58,72.5,86.6,58,71.8,47,43.4,0,0,0,,,,,9.2,95.9,1018.9,11.6,2.3,204.3,17.8,7,,2017-01-22T07:08:35,2017-01-22T18:07:58,0.82,Clear,Clear conditions throughout the day.,clear-day,"42752099999,42662099999,42754099999,remote"
newyork,2017-01-23,91.7,59.6,73.2,88.1,59.6,72.6,49.6,46.6,0,0,0,,,,,12.8,118,1018.3,0.5,2.4,205.8,17.8,7,,2017-01-23T07:08:25,2017-01-23T18:08:40,0.85,Clear,Clear conditions throughout the day.,clear-day,"42752099999,42662099999,42754099999,remote"
newyork,2017-01-24,92.4,60.5,75,88.7,60.5,74.1,49.5,43.7,0,0,0,,,,,12.8,126,1016.9,0.1,2.7,209,18,8,,2017-01-24T07:08:13,2017-01-24T18:09:22,0.88,Clear,Clear conditions throughout the day.,clear-day,"42752099999,42662099999,42754099999,remote"
newyork,2017-01-25,90.6,60.9,74.5,87,60.9,73.7,48.2,41.9,0,0,0,,,,,16.1,145.7,1016.5,0,2.6,202.8,17.6,7,,2017-01-25T07:08:00,2017-01-25T18:10:03,0.91,Clear,Clear conditions throughout the day.,clear-day,"42752099999,42662099999,42754099999,remote"
newyork,2017-01-26,91.1,59.6,73.6,87.2,59.6,72.9,46.5,41,0,0,0,,,,,16.1,198.6,1014.2,15.5,2.5,204.7,17.5,8,,2017-01-26T07:07:45,2017-01-26T18:10:45,0.94,Clear,Clear conditions throughout the day.,clear-day,"42662099999,42754099999,remote"
newyork,2017-01-27,86.6,57.3,67.4,83.2,57.3,67,46.5,52,0,0,0,,,,,10.1,347.2,1017.6,7.4,2.3,226.1,19.3,8,,2017-01-27T07:07:29,2017-01-27T18:11:26,0.98,Clear,Clear conditions throughout the day.,clear-day,"42662099999,42754099999,remote"
newyork,2017-01-28,85.7,52.2,65.3,82.4,52.2,64.9,39.4,43.8,0,0,0,,,,,11,57,1018.5,0.1,2.4,236.5,20.3,8,,2017-01-28T07:07:12,2017-01-28T18:12:06,0,Clear,Clear conditions throughout the day.,clear-day,"42752099999,42662099999,42754099999,remote"
newyork,2017-01-29,88.8,53.7,68.3,85,53.7,67.7,39.4,42.1,0,0,0,,,,,8.1,65.8,1017.1,0,2.6,240.1,20.8,8,,2017-01-29T07:06:54,2017-01-29T18:12:47,0.05,Clear,Clear conditions throughout the day.,clear-day,"42752099999,42662099999,42754099999,remote"
newyork,2017-01-30,91.5,55.5,71.1,87.2,55.5,70.5,38.8,36.1,0,0,0,,,,,6.9,53,1015.8,0,2.5,240.1,20.7,8,,2017-01-30T07:06:34,2017-01-30T18:13:27,0.08,Clear,Clear conditions throughout the day.,clear-day,"42752099999,42662099999,42754099999,remote"
newyork,2017-01-31,92.6,55.5,72.1,88.1,55.5,71.3,35.1,31.1,0,0,0,,,,,9.2,324.8,1015.1,0,2.7,240.1,20.9,8,,2017-01-31T07:06:13,2017-01-31T18:14:07,0.12,Clear,Clear conditions throughout the day.,clear-day,"42752099999,42662099999,42754099999,remote"
newyork,2017-02-01,91.1,51.9,70.1,86.9,51.9,69.4,37.6,37.1,0,0,0,,,,,9.2,48.1,1015.7,0,2.5,240.1,20.8,8,,2017-02-01T07:05:50,2017-02-01T18:14:46,0.15,Clear,Clear conditions throughout the day.,clear-day,"42752099999,42662099999,42754099999,remote"
newyork,2017-02-02,92,57.3,72.6,87.6,57.3,71.8,41,36.3,0,0,0,,,,,11.4,88.9,1017,0,2.6,237.7,20.5,8,,2017-02-02T07:05:27,2017-02-02T18:15:25,0.19,Clear,Clear conditions throughout the day.,clear-day,"42752099999,42662099999,42754099999,remote"
newyork,2017-02-03,89.7,56.4,73.9,87.1,56.4,73.1,44.2,36.5,0,0,0,,,,,16.1,107.5,1016.6,7.8,2.8,231.6,19.8,8,,2017-02-03T07:05:02,2017-02-03T18:16:04,0.22,Clear,Clear conditions throughout the day.,clear-day,"42752099999,42662099999,42754099999,remote"
newyork,2017-02-04,94,62.7,75.8,89.7,62.7,74.9,47.6,39.8,0,0,0,,,,,15,155.9,1014.2,33.1,2.8,227.5,19.7,8,,2017-02-04T07:04:35,2017-02-04T18:16:42,0.25,Partially cloudy,Partly cloudy throughout the day.,partly-cloudy-day,"42752099999,42662099999,42754099999,remote"
newyork,2017-02-05,89.1,60.5,71.4,86.3,60.5,71.3,53.2,54.2,0,0,0,,,,,10.3,274.9,1014.1,21.7,2.7,215.6,18.7,8,,2017-02-05T07:04:08,2017-02-05T18:17:20,0.29,Partially cloudy,Partly cloudy throughout the day.,partly-cloudy-day,"42752099999,42662099999,42754099999,remote"
newyork,2017-02-06,75.3,57,65.9,75.3,57,65.9,39.5,41.6,0,0,0,,,,,8.1,358,1016,34,2.8,233.7,20.2,8,,2017-02-06T07:03:39,2017-02-06T18:17:57,0.33,Partially cloudy,Partly cloudy throughout the day.,partly-cloudy-day,"42752099999,42662099999,42754099999,remote"
newyork,2017-02-07,87.2,50.1,67.8,83.7,50.1,67.4,31.9,33.1,0,0,0,,,,,8.9,47.7,1015.4,1,2.7,254.2,21.9,9,,2017-02-07T07:03:09,2017-02-07T18:18:34,0.37,Clear,Clear conditions throughout the day.,clear-day,"42752099999,42662099999,42754099999,remote"
newyork,2017-02-08,87.9,55.5,72.4,85.2,55.5,71.7,40.7,34.8,0,0,0,,,,,16.1,244,1014.8,5.1,3,238.8,20.8,8,,2017-02-08T07:02:39,2017-02-08T18:19:11,0.4,Clear,Clear conditions throughout the day.,clear-day,"42752099999,42662099999,42754099999,remote"
newyork,2017-02-09,90.4,60.9,71.6,86.4,60.9,71,40.4,36.9,0,0,0,,,,,9.2,351.7,1014.9,0.1,2.7,234,20.2,8,,2017-02-09T07:02:06,2017-02-09T18:19:47,0.44,Clear,Clear conditions throughout the day.,clear-day,"42752099999,42662099999,42754099999,remote"
newyork,2017-02-10,86.6,55.7,66.8,83.2,55.7,66.6,39.5,39.8,0,0,0,,,,,16.1,57.8,1014.7,0,2.7,225.1,19.7,8,,2017-02-10T07:01:33,2017-02-10T18:20:22,0.47,Clear,Clear conditions throughout the day.,clear-day,"42752099999,42662099999,42754099999,remote"
newyork,2017-02-11,92,57.3,70.6,88.2,57.3,70,46.2,45.8,0,0,0,,,,,11.2,77.9,1013.6,13.8,2.3,198.1,17.1,7,,2017-02-11T07:00:59,2017-02-11T18:20:57,0.5,Clear,Clear conditions throughout the day.,clear-day,"42752099999,42662099999,42754099999,remote"
newyork,2017-02-12,92,55.5,72.7,88.2,55.5,71.9,49.7,50,0,0,0,,,,,9.2,35.4,1015.2,18.2,2,221.2,19.2,8,,2017-02-12T07:00:23,2017-02-12T18:21:32,0.54,Clear,Clear conditions throughout the day.,clear-day,"42752099999,42662099999,42754099999,remote"
newyork,2017-02-13,92.2,57.3,73.8,88.5,57.3,73.2,50.5,49.1,0,0,0,,,,,9,71.9,1018,43.2,2.3,211.2,18.3,8,,2017-02-13T06:59:47,2017-02-13T18:22:06,0.57,Partially cloudy,Partly cloudy throughout the day.,partly-cloudy-day,"42752099999,42662099999,42754099999,remote"
newyork,2017-02-14,84.5,61.4,74.6,85.2,61.4,74.8,56.3,54.5,0,0,0,,,,,9.2,74.3,1019.8,8.4,2.5,223.7,19.4,8,,2017-02-14T06:59:09,2017-02-14T18:22:40,0.6,Clear,Clear conditions throughout the day.,clear-day,"42752099999,42662099999,42754099999,remote"
newyork,2017-02-15,93.8,62.7,75,89.9,62.7,74.6,53.1,50.1,0,0,0,,,,,8.9,70.3,1020.5,2.6,2.5,231.6,19.9,8,,2017-02-15T06:58:31,2017-02-15T18:23:13,0.64,Clear,Clear conditions throughout the day.,clear-day,"42752099999,42662099999,42754099999,remote"
newyork,2017-02-16,86.1,60.9,74.7,83.5,60.9,74,47.9,42.4,0,0,0,,,,,13.9,70.5,1018.7,19.5,2.8,246.6,21.4,9,,2017-02-16T06:57:51,2017-02-16T18:23:46,0.67,Clear,Clear conditions throughout the day.,clear-day,"42752099999,42662099999,42754099999,remote"
newyork,2017-02-17,89.7,60.9,76.3,86,60.9,75.2,43.9,34.3,0,0,0,,,,,12.8,86.3,1017.3,33.5,2.9,221.4,19,8,,2017-02-17T06:57:11,2017-02-17T18:24:18,0.7,Partially cloudy,Partly cloudy throughout the day.,partly-cloudy-day,"42752099999,42662099999,42754099999,remote"
newyork,2017-02-18,98.3,60.9,78.4,93.3,60.9,77,43.4,32.9,0,0,0,,,,,9.2,58.2,1017.4,5.5,2.7,262.7,22.6,9,,2017-02-18T06:56:29,2017-02-18T18:24:50,0.73,Clear,Clear conditions throughout the day.,clear-day,"42752099999,42662099999,42754099999,remote"
newyork,2017-02-19,97.8,62.5,79.6,92.7,62.5,78,42.8,33.1,0,0,0,,,,,6.7,33.3,1015.9,0.8,2.4,263.8,22.7,9,,2017-02-19T06:55:47,2017-02-19T18:25:21,0.75,Clear,Clear conditions throughout the day.,clear-day,"42752099999,42662099999,42754099999,remote"
newyork,2017-02-20,90.2,63.8,76.8,86.6,63.8,75.9,42.2,32.3,0,0,0,,,,,17.2,278.4,1010.8,4.4,2.8,261.7,22.5,9,,2017-02-20T06:55:04,2017-02-20T18:25:52,0.8,Clear,Clear conditions throughout the day.,clear-day,"42752099999,42662099999,42754099999,remote"
newyork,2017-02-21,95.4,63.1,74.7,90.6,63.1,73.9,42,34.5,0,0,0,,,,,16.1,268.4,1009.4,0,2.8,262.6,22.8,9,,2017-02-21T06:54:20,2017-02-21T18:26:22,0.83,Clear,Clear conditions throughout the day.,clear-day,"42752099999,42662099999,42754099999,remote"
newyork,2017-02-22,86.1,60.5,72.7,83.7,60.5,72.2,45.1,39.5,0,0,0,,,,,10.3,287.6,1012.6,0,2.8,258.8,22.2,9,,2017-02-22T06:53:35,2017-02-22T18:26:52,0.86,Clear,Clear conditions throughout the day.,clear-day,"42752099999,42662099999,42754099999,remote"
newyork,2017-02-23,86.1,59.3,73.5,83.3,59.3,72.8,42.1,35.1,0,0,0,,,,,8.1,351.2,1014.7,5.5,3,270.5,23.3,9,,2017-02-23T06:52:49,2017-02-23T18:27:22,0.89,Clear,Clear conditions throughout the day.,clear-day,"42752099999,42662099999,42754099999,remote"
newyork,2017-02-24,94.7,58,73.8,89.9,58,73,31.7,25.6,0,0,0,,,,,10.9,54,1016.8,0,2.8,273.5,23.6,9,,2017-02-24T06:52:03,2017-02-24T18:27:51,0.92,Clear,Clear conditions throughout the day.,clear-day,"42752099999,42662099999,42754099999,remote"
newyork,2017-02-25,96.2,57.3,75.2,91.1,57.3,74,32,26,0,0,0,,,,,9.2,50.4,1015.9,0,2.8,280.5,24.1,10,,2017-02-25T06:51:15,2017-02-25T18:28:19,0.96,Clear,Clear conditions throughout the day.,clear-day,"42752099999,42662099999,42754099999,remote"
newyork,2017-02-26,88.6,59.3,76.8,84.8,59.3,75.5,34.6,25,0,0,0,,,,,9.2,353.1,1012.8,0,2.9,281.2,24.3,9,,2017-02-26T06:50:27,2017-02-26T18:28:47,0,Clear,Clear conditions throughout the day.,clear-day,"42752099999,42662099999,42754099999,remote"
newyork,2017-02-27,98.9,63.9,79,93.3,63.9,77.4,36.4,25.4,0,0,0,,,,,11.4,80.5,1014.1,0.1,2.7,283,24.4,10,,2017-02-27T06:49:39,2017-02-27T18:29:15,0.02,Clear,Clear conditions throughout the day.,clear-day,"42662099999,42754099999,remote"
newyork,2017-02-28,99.2,64.5,80,93.8,64.5,78.5,40.7,28.8,0,0,0,,,,,11.4,114.3,1013.7,0.1,2.8,278.1,24,9,,2017-02-28T06:48:49,2017-02-28T18:29:43,0.06,Clear,Clear conditions throughout the day.,clear-day,"42752099999,42662099999,42754099999,remote"
newyork,2017-03-01,93.3,64.7,80.6,90.1,64.7,79.1,41,27.4,0,0,0,,,,,11.4,236.6,1012.1,3.7,2.8,271,23.4,9,,2017-03-01T06:47:59,2017-03-01T18:30:10,0.09,Clear,Clear conditions throughout the day.,clear-day,"42752099999,42662099999,42754099999,remote"
newyork,2017-03-02,98.3,62.7,78.1,93.5,62.7,77,45,33.4,0,0,0,,,,,13.9,292.9,1011.2,10.5,2.9,267.5,23,9,,2017-03-02T06:47:08,2017-03-02T18:30:36,0.13,Clear,Clear conditions throughout the day.,clear-day,"42752099999,42662099999,42754099999,remote"
newyork,2017-03-03,96.5,64.1,77.5,91.8,64.1,76.3,44,33.8,0,0,0,,,,,13.5,302.8,1009.5,14.2,2.9,265.6,23,9,,2017-03-03T06:46:17,2017-03-03T18:31:02,0.17,Clear,Clear conditions throughout the day.,clear-day,"42752099999,42662099999,42754099999,remote"
newyork,2017-03-04,94.4,60.9,75.2,89.6,60.9,74.5,45.4,39.1,0,0,0,,,,,10.3,353.5,1009.1,4.7,2.9,283.8,24.6,10,,2017-03-04T06:45:25,2017-03-04T18:31:28,0.2,Clear,Clear conditions throughout the day.,clear-day,"42752099999,42662099999,42754099999,remote"
newyork,2017-03-05,95.4,62,75.5,90.7,62,74.7,44.9,37.9,0,0,0,,,,,10.3,36.2,1010.4,0.6,2.8,274,23.7,9,,2017-03-05T06:44:33,2017-03-05T18:31:54,0.25,Clear,Clear conditions throughout the day.,clear-day,"42752099999,42662099999,42754099999,remote"
newyork,2017-03-06,95.4,61.4,77.1,90.6,61.4,75.8,35.6,26.8,0,0,0,,,,,12.8,59.9,1009.3,0,2.7,283,24.3,10,,2017-03-06T06:43:40,2017-03-06T18:32:19,0.27,Clear,Clear conditions throughout the day.,clear-day,"42752099999,42662099999,42754099999,remote"
newyork,2017-03-07,97.2,62.7,78.4,92.6,62.7,77,39,26.1,0,0,0,,,,,16.1,115.7,1008.8,1.7,2.8,274.2,23.6,9,,2017-03-07T06:42:47,2017-03-07T18:32:44,0.31,Clear,Clear conditions throughout the day.,clear-day,"42752099999,42662099999,42754099999,remote"
newyork,2017-03-08,94.6,62.7,77.4,90.7,62.7,76.4,44.8,33,0,0,0,,,,,12.8,277.4,1008.8,13.7,2.8,271.4,23.4,9,,2017-03-08T06:41:53,2017-03-08T18:33:08,0.34,Clear,Clear conditions throughout the day.,clear-day,"42752099999,42662099999,42754099999,remote"
newyork,2017-03-09,95.3,62.7,77.6,91,62.7,76.3,44.7,33.7,0,0,0,,,,,11.6,278,1008,26.9,2.9,283.2,24.4,10,,2017-03-09T06:40:59,2017-03-09T18:33:33,0.38,Partially cloudy,Partly cloudy throughout the day.,partly-cloudy-day,"42752099999,42662099999,42754099999,remote"
newyork,2017-03-10,91.5,63.8,75.1,88.5,63.8,74.6,49.4,42.1,0,0,0,,,,,16.1,270.5,1007,43,3,261.2,22.4,9,,2017-03-10T06:40:04,2017-03-10T18:33:57,0.42,Partially cloudy,Partly cloudy throughout the day.,partly-cloudy-day,"42752099999,42662099999,42754099999,remote"
newyork,2017-03-11,90.6,60.9,74.1,86.4,60.9,73.1,40.1,37.8,0,0,0,,,,,16.1,272.1,1008.7,49.6,2.5,287.9,24.8,10,,2017-03-11T06:39:09,2017-03-11T18:34:20,0.45,Partially cloudy,Partly cloudy throughout the day.,partly-cloudy-day,"42752099999,42662099999,42754099999,remote"
newyork,2017-03-12,89,52.1,69.7,85.3,52.1,69.2,19.9,18.5,0,0,0,,,,,9.2,0.4,1013.3,20.9,2.5,300.8,25.9,10,,2017-03-12T06:38:14,2017-03-12T18:34:44,0.5,Partially cloudy,Partly cloudy throughout the day.,partly-cloudy-day,"42752099999,42662099999,42754099999,remote"
newyork,2017-03-13,93.5,54.6,73.4,88.9,54.6,72.2,21.5,17.8,0,0,0,,,,,9.2,42.8,1012.3,7.2,2.6,302.4,26.1,10,,2017-03-13T06:37:18,2017-03-13T18:35:07,0.52,Clear,Clear conditions throughout the day.,clear-day,"42752099999,42662099999,42754099999,remote"
newyork,2017-03-14,94,55.5,74.2,89.4,55.5,72.9,21.8,17.9,0,0,0,,,,,9.8,62.4,1013.3,1.2,2.5,301.7,26,10,,2017-03-14T06:36:22,2017-03-14T18:35:30,0.55,Clear,Clear conditions throughout the day.,clear-day,"42752099999,42662099999,42754099999,remote"
newyork,2017-03-15,96.7,60,76.6,91.6,60,75.1,27.8,18.6,0,0,0,,,,,13.9,74.8,1013.3,6.5,2.9,291.7,25.1,10,,2017-03-15T06:35:25,2017-03-15T18:35:53,0.59,Clear,Clear conditions throughout the day.,clear-day,"42752099999,42662099999,42754099999,remote"
newyork,2017-03-16,99.1,65.6,80.6,94.6,65.6,78.8,35.6,21.1,0,0,0,,,,,13.9,150.1,1012,2.5,2.8,274.3,23.8,9,,2017-03-16T06:34:29,2017-03-16T18:36:15,0.62,Clear,Clear conditions throughout the day.,clear-day,"42752099999,42662099999,42754099999,remote"
newyork,2017-03-17,97.8,62.7,79.3,92.8,62.7,77.7,35.4,21.8,0,0,0,,,,,12.8,306.9,1010.5,0,2.9,289.5,24.9,10,,2017-03-17T06:33:32,2017-03-17T18:36:37,0.65,Clear,Clear conditions throughout the day.,clear-day,"42752099999,42662099999,42754099999,remote"
newyork,2017-03-18,98.5,65,80,94,65,78.6,43.5,29.3,0,0,0,,,,,16.3,274.9,1011.9,3.8,2.9,285.6,24.7,10,,2017-03-18T06:32:35,2017-03-18T18:37:00,0.68,Clear,Clear conditions throughout the day.,clear-day,"42752099999,42662099999,42754099999,remote"
newyork,2017-03-19,97.2,66.3,80.6,93.3,66.3,79.4,48.2,34.7,0,0,0,,,,,16.8,293.1,1011.5,6.9,2.9,286.5,24.7,9,,2017-03-19T06:31:38,2017-03-19T18:37:22,0.71,Clear,Clear conditions throughout the day.,clear-day,"42662099999,42754099999,remote"
newyork,2017-03-20,98.1,63.2,79,93.2,63.2,77.7,46.2,35.6,0,0,0,,,,,16.1,56.1,1013.8,0,3.1,299.4,26,10,,2017-03-20T06:30:41,2017-03-20T18:37:43,0.75,Clear,Clear conditions throughout the day.,clear-day,"42752099999,42662099999,42754099999,remote"
newyork,2017-03-21,93.3,68.1,81.6,89.3,68.1,79.6,42.1,27.7,0,0,0,,,,,9.2,81.4,1014.2,0,3,299,25.8,10,,2017-03-21T06:29:44,2017-03-21T18:38:05,0.78,Clear,Clear conditions throughout the day.,clear-day,"42752099999,42662099999,42754099999,remote"
newyork,2017-03-22,103.7,66.8,85.2,97.8,66.8,82.9,39.2,22.1,0,0,0,,,,,8.9,278.7,1011.8,0,3,303,26.2,10,,2017-03-22T06:28:46,2017-03-22T18:38:27,0.81,Clear,Clear conditions throughout the day.,clear-day,"42752099999,42662099999,42754099999,remote"
newyork,2017-03-23,104.8,69.9,86.6,99,69.9,84.3,41.2,22.6,0,0,0,,,,,9.2,295.7,1010.4,0,2.8,297.7,25.5,10,,2017-03-23T06:27:49,2017-03-23T18:38:48,0.84,Clear,Clear conditions throughout the day.,clear-day,"42752099999,42662099999,42754099999,remote"
newyork,2017-03-24,98.7,70.1,85.5,96.1,70.1,83.6,45.3,26,0,0,0,,,,,10.3,302.9,1010.5,1.3,3,293.7,25.4,10,,2017-03-24T06:26:51,2017-03-24T18:39:10,0.88,Clear,Clear conditions throughout the day.,clear-day,"42752099999,42662099999,42754099999,remote"
newyork,2017-03-25,106.6,69.2,87.6,101.1,69.2,85.3,42.2,22.6,0,0,0,,,,,16.1,298,1009.8,0,2.7,299.8,25.9,10,,2017-03-25T06:25:54,2017-03-25T18:39:31,0.91,Clear,Clear conditions throughout the day.,clear-day,"42752099999,42662099999,42754099999,remote"
newyork,2017-03-26,108.2,68.1,88.7,101.4,68.1,86.2,40.9,23,0,0,0,,,,,8.1,326.7,1010.6,0,2.7,302.5,26.1,10,,2017-03-26T06:24:56,2017-03-26T18:39:52,0.94,Clear,Clear conditions throughout the day.,clear-day,"42752099999,42662099999,42754099999,remote"
newyork,2017-03-27,108.4,72.1,89.7,102.6,72.1,87.7,45.1,23.9,0,0,0,,,,,12.8,50.4,1010.7,0.1,2.9,305.7,26.4,10,,2017-03-27T06:23:59,2017-03-27T18:40:14,0.97,Clear,Clear conditions throughout the day.,clear-day,"42662099999,42754099999,remote"
newyork,2017-03-28,104.1,74.6,90.8,103.2,74.6,89.2,46.5,23.2,0,0,0,,,,,10.3,290.4,1011.3,0,3,300.2,25.9,10,,2017-03-28T06:23:01,2017-03-28T18:40:35,0,Clear,Clear conditions throughout the day.,clear-day,"42752099999,42662099999,42754099999,remote"
newyork,2017-03-29,104.3,75.3,91.3,103.2,75.3,89.3,47.8,23.9,0,0,0,,,,,10.3,324.8,1010.5,0,3,306.7,26.4,10,,2017-03-29T06:22:04,2017-03-29T18:40:56,0.04,Clear,Clear conditions throughout the day.,clear-day,"42752099999,42662099999,42754099999,remote"
newyork,2017-03-30,108.6,76.2,91.3,103.2,76.2,89.5,47.3,23.2,0,0,0,,,,,13.9,310.1,1010.2,1.3,3.1,299.7,25.9,10,,2017-03-30T06:21:07,2017-03-30T18:41:17,0.08,Clear,Clear conditions throughout the day.,clear-day,"42752099999,42662099999,42754099999,remote"
newyork,2017-03-31,104.1,75.5,90.8,103.2,75.5,89.3,50.4,26.6,0,0,0,,,,,16.1,296.8,1011.6,0,3.1,301.3,26,10,,2017-03-31T06:20:10,2017-03-31T18:41:39,0.11,Clear,Clear conditions throughout the day.,clear-day,"42752099999,42662099999,42754099999,remote"
newyork,2017-04-01,101.6,78.9,89.8,96.8,78.9,87,45.3,23.9,0,0,0,,,,,12.8,292.1,1010.2,10.8,3,294,25.4,10,,2017-04-01T06:19:13,2017-04-01T18:42:00,0.15,Clear,Clear conditions throughout the day.,clear-day,"42752099999,42662099999,42754099999,remote"
newyork,2017-04-02,106.6,73.5,88,101.2,73.5,85.3,40.6,20.4,0,0,0,,,,,16.1,283.3,1008.5,0.4,3,311.9,26.9,10,,2017-04-02T06:18:16,2017-04-02T18:42:21,0.18,Clear,Clear conditions throughout the day.,clear-day,"42752099999,42662099999,42754099999,remote"
newyork,2017-04-03,100.5,71,86.6,96.4,71,84.5,45.9,26.3,0,0,0,,,,,16.1,272.1,1008.8,4.5,3.1,316.8,27.5,10,,2017-04-03T06:17:20,2017-04-03T18:42:42,0.22,Clear,Clear conditions throughout the day.,clear-day,"42752099999,42662099999,42754099999,remote"
newyork,2017-04-04,105.5,70.4,86.8,102.1,70.4,85.5,50.7,31.8,0,0,0,,,,,13.9,270.8,1009.3,5.4,2.9,314.5,27.1,10,,2017-04-04T06:16:23,2017-04-04T18:43:04,0.25,Clear,Clear conditions throughout the day.,clear-day,"42752099999,42662099999,42754099999,remote"
newyork,2017-04-05,102.8,70.2,86.6,98.9,70.2,85.2,52.6,33.9,0,0,0,,,,,16.1,274.8,1007.5,2,2.9,319.6,27.6,10,,2017-04-05T06:15:27,2017-04-05T18:43:25,0.29,Clear,Clear conditions throughout the day.,clear-day,"42752099999,42662099999,42754099999,remote"
newyork,2017-04-06,104.8,73.5,88.2,101.1,73.5,86.2,51.2,32,0,0,0,,,,,20.8,263.5,1005.9,0.3,2.7,315.6,27.4,10,,2017-04-06T06:14:32,2017-04-06T18:43:47,0.32,Clear,Clear conditions throughout the day.,clear-day,"42752099999,42662099999,42754099999,remote"
newyork,2017-04-07,101.9,71,84.7,96.6,71,82.7,43,28.7,0,0,0,,,,,15.5,276.4,1007.6,5.9,2.6,311.8,26.9,10,,2017-04-07T06:13:37,2017-04-07T18:44:08,0.36,Clear,Clear conditions throughout the day.,clear-day,"42752099999,42662099999,42754099999,remote"
newyork,2017-04-08,96.9,66.1,81.9,91.8,66.1,79.8,28.2,15.6,0,0,0,,,,,11.4,6.2,1011,0,2.9,325,28.2,10,,2017-04-08T06:12:42,2017-04-08T18:44:30,0.39,Clear,Clear conditions throughout the day.,clear-day,"42752099999,42662099999,42754099999,remote"
newyork,2017-04-09,104.1,66.6,84.1,97.3,66.6,81.5,23.9,12.6,0,0,0,,,,,16.1,29.9,1010.8,0,2.9,324.7,28,10,,2017-04-09T06:11:47,2017-04-09T18:44:52,0.43,Clear,Clear conditions throughout the day.,clear-day,"42752099999,42662099999,42754099999,remote"
newyork,2017-04-10,105.3,69.9,84.6,98.2,69.9,82.1,22.4,11.7,0,0,0,,,,,12.8,41.4,1011,0,2.9,331.6,28.5,10,,2017-04-10T06:10:53,2017-04-10T18:45:14,0.47,Clear,Clear conditions throughout the day.,clear-day,"42752099999,42662099999,42754099999,remote"
newyork,2017-04-11,105.5,69.9,86.6,98.5,69.9,83.7,29.6,15.6,0,0,0,,,,,12.8,7.9,1010.1,0,2.8,333.7,28.8,10,,2017-04-11T06:09:59,2017-04-11T18:45:36,0.5,Clear,Clear conditions throughout the day.,clear-day,"42752099999,42662099999,42754099999,remote"
newyork,2017-04-12,109.5,73.5,89.9,101.5,73.5,86.7,30.4,13.6,0,0,0,,,,,13.9,341.8,1008.4,0,3,327,28.3,10,,2017-04-12T06:09:06,2017-04-12T18:45:58,0.53,Clear,Clear conditions throughout the day.,clear-day,"42752099999,42662099999,42754099999,remote"
newyork,2017-04-13,111.1,72.8,91.8,111.1,72.8,89,33.2,14.5,0,0,0,,,,,9.2,310.8,1008.9,0,2.8,322.5,27.7,10,,2017-04-13T06:08:13,2017-04-13T18:46:20,0.57,Clear,Clear conditions throughout the day.,clear-day,"42752099999,42662099999,42754099999,remote"
newyork,2017-04-14,112.6,74.9,92.9,112.6,74.9,89.9,35.2,15.5,0,0,0,,,,,10.5,315.7,1006.3,0,2.8,319.8,27.6,10,,2017-04-14T06:07:21,2017-04-14T18:46:43,0.6,Clear,Clear conditions throughout the day.,clear-day,"42752099999,42662099999,42754099999,remote"
newyork,2017-04-15,112.9,77.1,93.8,112.9,77.1,90.9,36.7,15.2,0,0,0,,,,,16.1,303.7,1005.2,0,2.9,317.4,27.4,10,,2017-04-15T06:06:29,2017-04-15T18:47:05,0.63,Clear,Clear conditions throughout the day.,clear-day,"42752099999,42662099999,42754099999,remote"
newyork,2017-04-16,112.7,75.8,93.2,112.7,75.8,90.2,40.2,17.2,0,0,0,,,,,15.4,301.7,1004.7,0.1,2.9,311.9,27,10,,2017-04-16T06:05:37,2017-04-16T18:47:28,0.66,Clear,Clear conditions throughout the day.,clear-day,"42752099999,42662099999,42754099999,remote"
newyork,2017-04-17,107.7,75.8,93.4,104.9,75.8,90.3,41.3,17.3,0,0,0,,,,,15.2,304.7,1007,0.1,3,317,27.3,10,,2017-04-17T06:04:47,2017-04-17T18:47:51,0.7,Clear,Clear conditions throughout the day.,clear-day,"42752099999,42662099999,42754099999,remote"
newyork,2017-04-18,111.3,77.1,93.3,111.3,77.1,90.1,39,16.2,0,0,0,,,,,16.1,288.2,1006.1,1.1,2.7,319.1,27.4,10,,2017-04-18T06:03:56,2017-04-18T18:48:14,0.73,Clear,Clear conditions throughout the day.,clear-day,"42752099999,42662099999,42754099999,remote"
newyork,2017-04-19,110.2,77.1,92.2,110.2,77.1,88.8,37.7,16.5,0,0,0,,,,,18,269,1007,0.1,3.1,333.5,28.9,10,,2017-04-19T06:03:07,2017-04-19T18:48:38,0.75,Clear,Clear conditions throughout the day.,clear-day,"42752099999,42662099999,42754099999,remote"
newyork,2017-04-20,103.7,77.1,90.8,98.4,77.1,87.9,44.8,22.4,0,0,0,,,,,23,272.5,1005.6,0,3.2,328.7,28.2,10,,2017-04-20T06:02:18,2017-04-20T18:49:01,0.8,Clear,Clear conditions throughout the day.,clear-day,"42752099999,42662099999,42754099999,remote"
newyork,2017-04-21,107.5,75.5,90,103.1,75.5,87.5,47.8,27.1,0,0,0,,,,,17,272.8,1005.9,0.1,3.1,326,28.1,10,,2017-04-21T06:01:30,2017-04-21T18:49:25,0.83,Clear,Clear conditions throughout the day.,clear-day,"42752099999,42662099999,42754099999,remote"
newyork,2017-04-22,104.3,71.3,86.7,99.2,71.3,85.2,51.4,33.4,0,0,0,,,,,16.1,267.4,1007.4,2.4,3,333.9,28.9,10,,2017-04-22T06:00:42,2017-04-22T18:49:49,0.86,Clear,Clear conditions throughout the day.,clear-day,"42662099999,42754099999,remote"
newyork,2017-04-23,101.2,72.8,86.7,96.9,72.8,84.6,48.8,30.1,0,0,0,,,,,17.2,269.3,1007.1,1,2.9,319.6,27.5,10,,2017-04-23T05:59:55,2017-04-23T18:50:13,0.89,Clear,Clear conditions throughout the day.,clear-day,"42752099999,42662099999,42754099999,remote"
newyork,2017-04-24,99.4,69.2,85,96.2,69.2,83.4,50.8,34.4,0,0,0,,,,,17.2,270.1,1008.4,1.2,3,327,28.2,10,,2017-04-24T05:59:09,2017-04-24T18:50:38,0.93,Clear,Clear conditions throughout the day.,clear-day,"42752099999,42662099999,42754099999,remote"
newyork,2017-04-25,104.1,71.7,85.9,100.2,71.7,84.6,52.6,35.4,0,0,0,,,,,13.6,284.7,1008.8,8.1,2.8,328.8,28.4,10,,2017-04-25T05:58:24,2017-04-25T18:51:02,0.96,Clear,Clear conditions throughout the day.,clear-day,"42752099999,42662099999,42754099999,remote"
newyork,2017-04-26,102.6,71.3,86.4,97.7,71.3,84.2,47,29,0,0,0,,,,,13.9,282.9,1009.3,4.2,3,333.4,28.8,10,,2017-04-26T05:57:39,2017-04-26T18:51:27,0,Clear,Clear conditions throughout the day.,clear-day,"42752099999,42662099999,42754099999,remote"
newyork,2017-04-27,106.4,72.2,88,100,72.2,85.2,38.5,19.9,0,0,0,,,,,10.5,283.1,1010.1,0.2,3,338.6,29.2,10,,2017-04-27T05:56:55,2017-04-27T18:51:52,0.03,Clear,Clear conditions throughout the day.,clear-day,"42752099999,42662099999,42754099999,remote"
newyork,2017-04-28,107,73.5,88.8,100.6,73.5,85.7,36,16.7,0,0,0,,,,,17.2,280.6,1009,2,2.9,339,29.2,10,,2017-04-28T05:56:12,2017-04-28T18:52:17,0.06,Clear,Clear conditions throughout the day.,clear-day,"42752099999,42662099999,42754099999,remote"
newyork,2017-04-29,105.9,73.5,89.3,102.2,73.5,87.3,48.2,25.6,0,0,0,,,,,18.3,273.6,1008.8,15.6,3.1,324,28,10,,2017-04-29T05:55:30,2017-04-29T18:52:42,0.1,Clear,Clear conditions throughout the day.,clear-day,"42752099999,42662099999,42754099999,remote"
newyork,2017-04-30,106.8,73.5,88.6,102.7,73.5,87.3,53.3,32.3,0.016,100,8.33,rain,,,,20.8,255.3,1008.6,8.9,2.6,314.4,27.3,10,,2017-04-30T05:54:48,2017-04-30T18:53:08,0.13,Rain,Clear conditions throughout the day with early morning rain.,rain,"42662099999,42754099999,remote"
newyork,2017-05-01,107.5,75.3,90.6,103.4,75.3,88.5,51,28.9,0,0,0,,,,,13.2,285.9,1008.2,12.1,2.9,311.4,26.8,10,,2017-05-01T05:54:08,2017-05-01T18:53:33,0.17,Clear,Clear conditions throughout the day.,clear-day,"42752099999,42662099999,42754099999,remote"
newyork,2017-05-02,108.2,77.4,93.1,103.7,77.4,90,45.6,21.2,0,0,0,,,,,11.4,292.5,1008.5,15.7,2.8,315.2,27.1,10,,2017-05-02T05:53:28,2017-05-02T18:53:59,0.2,Clear,Clear conditions throughout the day.,clear-day,"42752099999,42662099999,42754099999,remote"
newyork,2017-05-03,109.7,78.9,93.2,105.8,78.9,90.9,47.7,23.7,0,0,0,,,,,15,281.8,1008.3,19.6,2.8,314.3,26.9,10,,2017-05-03T05:52:49,2017-05-03T18:54:25,0.25,Clear,Clear conditions throughout the day.,clear-day,"42752099999,42662099999,42754099999,remote"
newyork,2017-05-04,104.1,77.6,92.9,101.3,77.6,90.2,47.7,22.7,0,0,0,,,,,17.2,305.4,1008.7,19.9,3,323.3,27.8,10,,2017-05-04T05:52:11,2017-05-04T18:54:52,0.27,Clear,Clear conditions throughout the day.,clear-day,"42752099999,42662099999,42754099999,remote"
newyork,2017-05-05,105.9,81.8,94.7,101.7,80.1,91.3,46.4,20.6,0,0,0,,,,,11.4,303.4,1008.9,29.8,3.1,329.3,28.4,10,,2017-05-05T05:51:34,2017-05-05T18:55:18,0.3,Partially cloudy,Partly cloudy throughout the day.,partly-cloudy-day,"42752099999,42662099999,42754099999,remote"
newyork,2017-05-06,105.9,79.4,94,102.1,79.4,90.6,44.1,19,0,0,0,,,,,12.8,292.4,1009.5,17.3,3.1,335.8,29.1,10,,2017-05-06T05:50:58,2017-05-06T18:55:45,0.34,Clear,Clear conditions throughout the day.,clear-day,"42752099999,42662099999,42754099999,remote"
newyork,2017-05-07,104.3,77.1,90.9,101.6,77.1,88.4,48.6,24.5,0,0,0,,,,,20.8,276.8,1009.8,25.9,3,326.1,28.1,10,,2017-05-07T05:50:23,2017-05-07T18:56:11,0.37,Partially cloudy,Becoming cloudy in the afternoon.,partly-cloudy-day,"42752099999,42662099999,42754099999,remote"
newyork,2017-05-08,111.5,78.9,90.7,111.5,78.9,89.4,53.1,30.1,0.118,100,4.17,rain,,,,25.3,285.4,1009.1,42.8,3,319.1,27.3,10,,2017-05-08T05:49:49,2017-05-08T18:56:38,0.41,"Rain, Partially cloudy",Partly cloudy throughout the day with late afternoon rain.,rain,"42752099999,42662099999,42754099999,remote"
newyork,2017-05-09,110.6,77.1,92.4,110.6,77.1,90.8,52.1,28.7,0.008,100,8.33,rain,,,,14.3,280.2,1007.4,32.3,3,317.7,27.2,10,,2017-05-09T05:49:16,2017-05-09T18:57:05,0.44,"Rain, Partially cloudy",Partly cloudy throughout the day with early morning rain.,rain,"42752099999,42662099999,42754099999,remote"
newyork,2017-05-10,109.5,77.1,92.7,111.2,77.1,91.3,53,28.5,0,0,0,,,,,15,268.3,1006.4,16.7,2.9,329.2,28.3,10,,2017-05-10T05:48:44,2017-05-10T18:57:33,0.48,Clear,Clear conditions throughout the day.,clear-day,"42752099999,42662099999,42754099999,remote"
newyork,2017-05-11,110.9,77.1,94,110.9,77.1,92.9,54.6,28.6,0,0,0,,,,,14.3,299.1,1008.2,24.4,3.1,320.6,27.6,10,,2017-05-11T05:48:13,2017-05-11T18:58:00,0.5,Partially cloudy,Partly cloudy throughout the day.,partly-cloudy-day,"42752099999,42662099999,42754099999,remote"
newyork,2017-05-12,111.8,80,96.1,111.8,80,94.8,53.9,25.7,0.008,100,8.33,rain,,,,11.9,298.4,1007.4,34.9,3,296.2,25.6,10,,2017-05-12T05:47:43,2017-05-12T18:58:27,0.55,"Rain, Partially cloudy",Becoming cloudy in the afternoon with late afternoon rain.,rain,"42752099999,42662099999,42754099999,remote"
newyork,2017-05-13,112.2,82.5,97.8,112.2,81.8,96.7,55,25.4,0.016,100,12.5,rain,,,,12.8,316.5,1006.2,49.8,3,236.7,20.3,8,,2017-05-13T05:47:14,2017-05-13T18:58:55,0.58,"Rain, Partially cloudy",Partly cloudy throughout the day with early morning rain.,rain,"42752099999,42662099999,42754099999,remote"
newyork,2017-05-14,109.3,84.3,97.7,110,83.6,96.9,56.5,26.3,0,0,0,,,,,16.1,302.6,1005.2,44.9,3.1,205.4,17.7,6,,2017-05-14T05:46:46,2017-05-14T18:59:22,0.61,Partially cloudy,Becoming cloudy in the afternoon.,partly-cloudy-day,"42752099999,42662099999,42754099999,remote"
newyork,2017-05-15,104.1,80.7,94.6,105.8,81.5,93.9,56.9,29.8,0,0,0,,,,,18.3,282.4,1005.3,14.4,3.1,297.7,25.7,10,,2017-05-15T05:46:19,2017-05-15T18:59:50,0.65,Clear,Clear conditions throughout the day.,clear-day,"42752099999,42662099999,42754099999,remote"
newyork,2017-05-16,104.1,80.7,93,101.3,82.8,91.8,55.7,31.7,0,0,0,,,,,20.8,282.4,1003.7,7.3,3.1,325.5,28,10,,2017-05-16T05:45:54,2017-05-16T19:00:17,0.68,Clear,Clear conditions throughout the day.,clear-day,"42752099999,42662099999,42754099999,remote"
newyork,2017-05-17,109,81.2,93.1,106.3,80.9,91.5,53.7,28.7,0,0,0,,,,,20.8,285.6,1004.7,18.2,3.1,301.4,26.1,10,,2017-05-17T05:45:29,2017-05-17T19:00:45,0.71,Clear,Clear conditions throughout the day.,clear-day,"42752099999,42662099999,42754099999,remote"
newyork,2017-05-18,108.4,80.7,93,105.2,80.6,91.8,54.9,30.7,0,0,0,,,,,18.3,286.2,1006.1,14.1,3,324,28,10,,2017-05-18T05:45:05,2017-05-18T19:01:12,0.75,Clear,Clear conditions throughout the day.,clear-day,"42752099999,42662099999,42754099999,remote"
newyork,2017-05-19,109,80.7,93.6,104.9,80.7,92,53.5,28.6,0,0,0,,,,,18.3,280.6,1006.5,9.1,3.1,331.6,28.5,10,,2017-05-19T05:44:43,2017-05-19T19:01:40,0.75,Clear,Clear conditions throughout the day.,clear-day,"42752099999,42662099999,42754099999,remote"
newyork,2017-05-20,109.5,80.1,93.6,105.6,81.7,92.1,54.4,29.9,0,0,0,,,,,16.8,278.2,1005,5.9,3,339.4,29.5,10,,2017-05-20T05:44:22,2017-05-20T19:02:07,0.81,Clear,Clear conditions throughout the day.,clear-day,"42752099999,42662099999,42754099999,remote"
newyork,2017-05-21,108.2,78.3,91.8,106.1,78.3,91.9,59.6,36.9,0,0,0,,,,,16.1,272.4,1003.9,9,2.9,337.5,29.3,10,,2017-05-21T05:44:01,2017-05-21T19:02:35,0.85,Clear,Clear conditions throughout the day.,clear-day,"42752099999,42662099999,42754099999,remote"
newyork,2017-05-22,105.7,77.1,91.2,106.2,77.1,90.7,57.8,34.3,0,0,0,,,,,20.8,296.8,1006.7,8.9,3.1,318.8,27.6,10,,2017-05-22T05:43:42,2017-05-22T19:03:02,0.88,Clear,Clear conditions throughout the day.,clear-day,"42752099999,42662099999,42754099999,remote"
newyork,2017-05-23,102.3,78.9,90.9,105.2,78.9,92,61.2,38.9,0.118,100,8.33,rain,,,,16.1,291.8,1007,21,3.1,331.9,28.8,10,,2017-05-23T05:43:25,2017-05-23T19:03:30,0.91,"Rain, Partially cloudy",Becoming cloudy in the afternoon with rain.,rain,"42752099999,42662099999,42754099999,remote"
newyork,2017-05-24,111.6,77.1,95.6,111.6,77.1,96.4,59.6,32.9,0.008,100,8.33,rain,,,,15.7,288.5,1004.5,18.5,2.9,329.3,28.6,10,,2017-05-24T05:43:08,2017-05-24T19:03:57,0.95,Rain,Clear conditions throughout the day with early morning rain.,rain,"42752099999,42662099999,42754099999,remote"
newyork,2017-05-25,107.9,75.8,95.3,118.9,75.8,97.2,60.6,36.1,0.024,100,4.17,rain,,,,18.3,292.3,1003.5,19.2,2.9,329.5,28.6,10,,2017-05-25T05:42:52,2017-05-25T19:04:24,0.98,Rain,Clear conditions throughout the day with late afternoon rain.,rain,"42752099999,42662099999,42754099999,remote"
newyork,2017-05-26,112.6,79.4,94.3,114.3,79.4,98.1,65.6,42.4,0.032,100,8.33,rain,,,,16.3,275.4,1003.5,33.3,3,322.8,27.9,10,,2017-05-26T05:42:38,2017-05-26T19:04:51,0,"Rain, Partially cloudy",Becoming cloudy in the afternoon with early morning rain.,rain,"42752099999,42662099999,42754099999,remote"
newyork,2017-05-27,111.3,82.5,95.5,115.2,86.4,100.4,67.4,42,0,0,0,,,,,18.8,275.2,1002.1,16.3,3.1,325.8,28.2,10,,2017-05-27T05:42:24,2017-05-27T19:05:17,0.05,Clear,Clear conditions throughout the day.,clear-day,"42752099999,42662099999,42754099999,remote"
newyork,2017-05-28,105,81.2,92.4,114.7,84.8,98.8,69.8,49.6,0,0,0,,,,,21.5,266.8,1002,15.5,3.1,323.6,28.1,10,,2017-05-28T05:42:12,2017-05-28T19:05:44,0.08,Clear,Clear conditions throughout the day.,clear-day,"42752099999,42662099999,42754099999,remote"
newyork,2017-05-29,106.2,79.1,89.8,111,79.1,94.6,69.4,53.1,0,0,0,,,,,20.6,261.8,1001.3,27.1,3.1,333.1,28.9,10,,2017-05-29T05:42:01,2017-05-29T19:06:10,0.12,Partially cloudy,Partly cloudy throughout the day.,partly-cloudy-day,"42752099999,42662099999,42754099999,remote"
newyork,2017-05-30,100.3,75.3,88.6,105.6,75.3,94.1,70.9,58.1,0.118,100,4.17,rain,,,,18.1,269.4,1000.6,40.5,3,313.8,27.1,10,,2017-05-30T05:41:51,2017-05-30T19:06:36,0.15,"Rain, Partially cloudy",Partly cloudy throughout the day with morning rain.,rain,"42752099999,42662099999,42754099999,remote"
newyork,2017-05-31,108.6,78.9,93.3,112.9,78.9,98.4,68.4,47.7,0.024,100,12.5,rain,,,,15.9,256,999.7,59.5,2.8,313.8,27.2,9,,2017-05-31T05:41:42,2017-05-31T19:07:02,0.18,"Rain, Partially cloudy",Partly cloudy throughout the day with afternoon rain.,rain,"42752099999,42662099999,42754099999,remote"
newyork,2017-06-01,105.3,80.7,91.7,110.4,83.4,97.1,69.3,50.5,0.472,100,4.17,rain,,,,20.3,313.2,1002.2,71.7,2.9,277.1,23.9,9,,2017-06-01T05:41:35,2017-06-01T19:07:27,0.25,"Rain, Partially cloudy",Partly cloudy throughout the day with afternoon rain.,rain,"42752099999,42662099999,42754099999,remote"
newyork,2017-06-02,105.5,78.9,92.8,109.3,78.9,97.6,68.6,47.4,0.02,100,16.67,rain,,,,16.1,199,1002.6,72.1,2.9,263.6,22.7,8,,2017-06-02T05:41:28,2017-06-02T19:07:52,0.25,"Rain, Partially cloudy",Partly cloudy throughout the day with rain clearing later.,rain,"42752099999,42662099999,42754099999,remote"
newyork,2017-06-03,109.3,80.7,95.8,114,84.1,101.1,67.7,42.7,0,0,0,,,,,16.1,263.7,1003.2,59.9,3,311.1,26.9,9,,2017-06-03T05:41:23,2017-06-03T19:08:17,0.29,Partially cloudy,Partly cloudy throughout the day.,partly-cloudy-day,"42752099999,42662099999,42754099999,remote"
newyork,2017-06-04,98.8,77.1,89.6,113.5,77.1,97.8,73.8,61.7,0.433,100,8.33,rain,,,,21.7,265.8,1005.5,65.4,3,242.2,20.8,8,,2017-06-04T05:41:18,2017-06-04T19:08:41,0.32,"Rain, Partially cloudy",Partly cloudy throughout the day with early morning rain.,rain,"42752099999,42662099999,42754099999,remote"
newyork,2017-06-05,102.3,71.7,87.7,109.5,71.7,92.9,71.5,61.4,2.598,100,4.17,rain,,,,25.3,261.9,1005.2,51.3,2.9,200.9,17.6,7,,2017-06-05T05:41:15,2017-06-05T19:09:05,0.35,"Rain, Partially cloudy",Becoming cloudy in the afternoon with late afternoon rain.,rain,"42752099999,42662099999,42754099999,remote"
newyork,2017-06-06,102.6,76.7,87.8,108.1,76.7,92.5,70.5,58.8,0.048,100,20.83,rain,,,,15.9,268.4,1006.1,64.5,3.1,291.1,25.2,10,,2017-06-06T05:41:13,2017-06-06T19:09:28,0.39,"Rain, Partially cloudy",Partly cloudy throughout the day with rain.,rain,"42752099999,42662099999,42754099999,remote"
newyork,2017-06-07,95.6,73.5,84.6,102.5,73.5,90.1,72.8,69.5,2.086,100,8.33,rain,,,,19.7,264.3,1006.8,68.5,2.8,233,20,8,,2017-06-07T05:41:12,2017-06-07T19:09:51,0.42,"Rain, Partially cloudy",Partly cloudy throughout the day with late afternoon rain.,rain,"42752099999,42662099999,42754099999,remote"
newyork,2017-06-08,91.5,72.8,82.4,102.9,72.8,87.4,74.1,77.4,0.118,100,4.17,rain,,,,16.1,280.5,1004.9,70.6,2.8,183.3,16,6,,2017-06-08T05:41:12,2017-06-08T19:10:13,0.46,"Rain, Partially cloudy",Partly cloudy throughout the day with early morning rain.,rain,"42752099999,42662099999,42754099999,remote"
newyork,2017-06-09,90.8,75.3,81.6,100.5,75.3,85.9,73.6,77.7,0.315,100,4.17,rain,,,,16.1,278.7,1005.1,72.1,2.8,135.9,11.8,4,,2017-06-09T05:41:13,2017-06-09T19:10:35,0.5,"Rain, Partially cloudy",Partly cloudy throughout the day with afternoon rain.,rain,"42752099999,42662099999,42754099999,remote"
newyork,2017-06-10,90.8,73.5,81.5,100.5,73.5,85.7,73.6,78.1,0.343,100,37.5,rain,,,,11,279.5,1003.3,71,2.8,148,12.9,5,,2017-06-10T05:41:15,2017-06-10T19:10:56,0.52,"Rain, Partially cloudy",Partly cloudy throughout the day with a chance of rain throughout the day.,rain,"42752099999,42662099999,42754099999,remote"
newyork,2017-06-11,91.2,74.6,82.1,100.2,74.6,86.2,74.2,78.8,0.795,100,12.5,rain,,,,11.4,252.9,1002,72.5,2.4,190.7,16.4,6,,2017-06-11T05:41:18,2017-06-11T19:11:17,0.56,"Rain, Partially cloudy",Partly cloudy throughout the day with rain clearing later.,rain,"42752099999,42662099999,42754099999,remote"
newyork,2017-06-12,96.4,76.4,85.6,105.4,76.4,91,72.7,67.6,0.008,100,8.33,rain,,,,10.3,271.1,1001.7,47.5,2.7,267.4,23,8,,2017-06-12T05:41:23,2017-06-12T19:11:37,0.59,"Rain, Partially cloudy",Partly cloudy throughout the day with late afternoon rain.,rain,"42752099999,42662099999,42754099999,remote"
newyork,2017-06-13,97.6,76.4,85.9,107.7,76.4,91.3,72.3,65.7,0.052,100,37.5,rain,,,,13.4,285,1001.1,60,2.8,283.3,24.6,9,,2017-06-13T05:41:28,2017-06-13T19:11:56,0.63,"Rain, Partially cloudy",Partly cloudy throughout the day with a chance of rain throughout the day.,rain,"42752099999,42662099999,42754099999,remote"
newyork,2017-06-14,94.4,77.1,83.5,104.7,77.1,88.3,73.2,72.5,0.787,100,4.17,rain,,,,13.9,271.9,1004.6,60.6,3,159,13.7,5,,2017-06-14T05:41:34,2017-06-14T19:12:15,0.66,"Rain, Partially cloudy",Partly cloudy throughout the day with afternoon rain.,rain,"42752099999,42662099999,42754099999,remote"
newyork,2017-06-15,97.1,77.6,86.4,107.9,77.6,92.8,74.2,69.4,0.048,100,50,rain,,,,17.7,276.8,1002.2,62.1,2.5,233.8,20.2,7,,2017-06-15T05:41:41,2017-06-15T19:12:32,0.7,"Rain, Partially cloudy",Partly cloudy throughout the day with a chance of rain throughout the day.,rain,"42662099999,42754099999,remote"
newyork,2017-06-16,96.9,77.1,86.3,107.7,77.1,91.9,73.2,67.3,0,0,0,,,,,14.4,258.1,1003.2,39.9,3,259.2,22.5,8,,2017-06-16T05:41:49,2017-06-16T19:12:50,0.73,Partially cloudy,Partly cloudy throughout the day.,partly-cloudy-day,"42752099999,42662099999,42754099999,remote"
newyork,2017-06-17,97.4,77.1,86.3,104.3,77.1,91.3,72.3,65.6,0.004,100,4.17,rain,,,,18.3,268.8,1003.5,47.6,2.7,262.5,22.6,8,,2017-06-17T05:41:58,2017-06-17T19:13:06,0.75,"Rain, Partially cloudy",Partly cloudy throughout the day with early morning rain.,rain,"42752099999,42662099999,42754099999,remote"
newyork,2017-06-18,99.6,77.4,87.2,106,77.4,91.5,71.2,62.1,0,0,0,,,,,16.1,268.6,1002.4,25.8,2.7,312.9,27.1,9,,2017-06-18T05:42:08,2017-06-18T19:13:22,0.8,Partially cloudy,Partly cloudy throughout the day.,partly-cloudy-day,"42752099999,42662099999,42754099999,remote"
newyork,2017-06-19,98.3,77.4,86.3,104.6,77.4,90.5,71.1,62.7,0,0,0,,,,,18.3,264.4,1001.7,44.3,2.9,315.1,27.3,10,,2017-06-19T05:42:19,2017-06-19T19:13:37,0.83,Partially cloudy,Partly cloudy throughout the day.,partly-cloudy-day,"42752099999,42662099999,42754099999,remote"
newyork,2017-06-20,93.9,77.1,85.8,99.7,77.1,89.9,70.6,62.2,0,0,0,,,,,18.3,261.4,1003.1,34.9,3.1,319.3,27.5,10,,2017-06-20T05:42:30,2017-06-20T19:13:51,0.87,Partially cloudy,Partly cloudy throughout the day.,partly-cloudy-day,"42752099999,42662099999,42754099999,remote"
newyork,2017-06-21,97.2,77.6,86.1,103.6,77.6,90.5,71.4,63.6,0,0,0,,,,,20.8,253.7,1001.5,30.6,3,307.9,26.7,10,,2017-06-21T05:42:43,2017-06-21T19:14:04,0.9,Partially cloudy,Partly cloudy throughout the day.,partly-cloudy-day,"42752099999,42662099999,42754099999,remote"
newyork,2017-06-22,94.9,76.4,82.6,104.5,76.4,86.5,73.2,74.6,0.472,100,4.17,rain,,,,17.2,261.8,1003.1,40.7,2.6,251.3,21.6,8,,2017-06-22T05:42:56,2017-06-22T19:14:16,0.94,"Rain, Partially cloudy",Partly cloudy throughout the day with afternoon rain.,rain,"42752099999,42662099999,42754099999,remote"
newyork,2017-06-23,92.6,75.3,82.8,100.6,75.3,86.5,73,73.9,0.236,100,4.17,rain,,,,20.8,265.5,1002.6,52.1,2.6,242.7,21,8,,2017-06-23T05:43:10,2017-06-23T19:14:27,0.97,"Rain, Partially cloudy",Partly cloudy throughout the day with late afternoon rain.,rain,"42752099999,42662099999,42754099999,remote"
newyork,2017-06-24,93.8,75.3,82.9,99,75.3,86.6,73.3,74.8,0.157,100,4.17,rain,,,,15.4,270.2,1000.4,37.3,2.4,287.1,25,9,,2017-06-24T05:43:25,2017-06-24T19:14:38,0,"Rain, Partially cloudy",Partly cloudy throughout the day with afternoon rain.,rain,"42752099999,42662099999,42754099999,remote"
newyork,2017-06-25,96.3,75.8,85.4,103.4,75.8,89.7,73,69.3,0,0,0,,,,,20.8,281.5,998.7,45.9,2.6,281.9,24.3,9,,2017-06-25T05:43:41,2017-06-25T19:14:47,0.04,Partially cloudy,Partly cloudy throughout the day.,partly-cloudy-day,"42752099999,42662099999,42754099999,remote"
newyork,2017-06-26,92.4,75.3,81.2,100.5,75.3,86,75.3,82.8,0.031,100,4.17,rain,,,,9.4,254.8,1000.5,81.4,2.2,176.3,15.4,6,,2017-06-26T05:43:57,2017-06-26T19:14:56,0.07,"Rain, Partially cloudy",Partly cloudy throughout the day with afternoon rain.,rain,"42752099999,42662099999,42754099999,remote"
newyork,2017-06-27,88.1,75.3,81.4,96.3,75.3,84.8,73.9,79,0.036,100,20.83,rain,,,,11.6,247,1001,89.7,2.9,138.3,12,5,,2017-06-27T05:44:14,2017-06-27T19:15:03,0.11,"Rain, Partially cloudy",Partly cloudy throughout the day with rain clearing later.,rain,"42752099999,42662099999,42754099999,remote"
newyork,2017-06-28,97.6,75.3,84,105.6,75.3,88.7,73.1,71.3,0.008,100,8.33,rain,,,,17.2,219.3,1000.5,71,2.9,285.8,24.7,10,,2017-06-28T05:44:32,2017-06-28T19:15:10,0.14,"Rain, Partially cloudy",Partly cloudy throughout the day with late afternoon rain.,rain,"42752099999,42662099999,42754099999,remote"
newyork,2017-06-29,91.5,75.8,83.2,100.8,75.8,87.7,73.5,74.2,0.06,100,25,rain,,,,20.8,222.9,1001,60.6,3.1,224.7,19.5,6,,2017-06-29T05:44:50,2017-06-29T19:15:15,0.17,"Rain, Partially cloudy",Partly cloudy throughout the day with rain.,rain,"42752099999,42662099999,42754099999,remote"
newyork,2017-06-30,93.1,73.5,82.5,100.7,73.5,86.1,73,74.6,0,0,0,,,,,20.8,235.2,999.2,74,2.7,206.7,17.9,7,,2017-06-30T05:45:09,2017-06-30T19:15:20,0.2,Partially cloudy,Partly cloudy throughout the day.,partly-cloudy-day,"42662099999,42754099999,remote"
newyork,2017-07-01,87.9,74.6,80.8,96.1,74.6,84,73.1,78.3,0.984,100,4.17,rain,,,,23,229,1000,69.3,2.9,211,18.2,7,,2017-07-01T05:45:28,2017-07-01T19:15:23,0.25,"Rain, Partially cloudy",Partly cloudy throughout the day with late afternoon rain.,rain,"42752099999,42662099999,42754099999,remote"
newyork,2017-07-02,82.5,73.5,77.8,89.7,73.5,79.1,74.7,90.3,0.146,100,8.33,rain,,,,20.8,252.2,1000.8,71.4,2.8,160.7,13.9,5,,2017-07-02T05:45:48,2017-07-02T19:15:25,0.27,"Rain, Partially cloudy",Partly cloudy throughout the day with rain.,rain,"42752099999,42662099999,42754099999,remote"
newyork,2017-07-03,90.9,73.5,79.3,96.3,73.5,81,72.5,81.8,0.484,100,8.33,rain,,,,19,260.8,1002.9,80.8,2.5,225.8,19.4,7,,2017-07-03T05:46:09,2017-07-03T19:15:27,0.3,"Rain, Partially cloudy",Partly cloudy throughout the day with rain.,rain,"42752099999,42662099999,42754099999,remote"
newyork,2017-07-04,88.6,73.1,79.8,94.2,73.1,82.1,72.1,78.7,0.032,100,16.67,rain,,,,20.6,261.1,1002.4,83.4,2.6,202.5,17.4,7,,2017-07-04T05:46:30,2017-07-04T19:15:27,0.34,"Rain, Partially cloudy",Partly cloudy throughout the day with rain clearing later.,rain,"42752099999,42662099999,42754099999,remote"
newyork,2017-07-05,89.9,73.5,80.3,95.4,73.5,82.5,71.6,76,0,0,0,,,,,20.8,259.1,1003.3,69.7,2.8,192.7,16.5,7,,2017-07-05T05:46:52,2017-07-05T19:15:26,0.37,Partially cloudy,Partly cloudy throughout the day.,partly-cloudy-day,"42752099999,42662099999,42754099999,remote"
newyork,2017-07-06,93.6,75.3,81.3,99,75.3,83.7,71.6,74.3,0,0,0,,,,,18.3,263.8,1004.6,60.4,2.6,268.8,23.2,9,,2017-07-06T05:47:14,2017-07-06T19:15:24,0.4,Partially cloudy,Partly cloudy throughout the day.,partly-cloudy-day,"42752099999,42662099999,42754099999,remote"
newyork,2017-07-07,96.5,75.3,83,108.6,75.3,87,71.9,71.4,0,0,0,,,,,16.1,266.2,1005.3,35.4,2.9,316.8,27.4,10,,2017-07-07T05:47:36,2017-07-07T19:15:20,0.44,Partially cloudy,Partly cloudy throughout the day.,partly-cloudy-day,"42752099999,42662099999,42754099999,remote"
newyork,2017-07-08,90.1,75.3,82.1,95.2,75.3,85,70.8,70.1,0,0,0,,,,,18.3,271.4,1005.5,34.7,3,274.3,23.9,9,,2017-07-08T05:47:59,2017-07-08T19:15:16,0.47,Partially cloudy,Partly cloudy throughout the day.,partly-cloudy-day,"42752099999,42662099999,42754099999,remote"
newyork,2017-07-09,92.7,73.5,82.1,99.2,73.5,85.7,71.7,72.3,0.016,100,4.17,rain,,,,13.9,272.1,1004.6,58.4,2.7,216.8,18.7,8,,2017-07-09T05:48:22,2017-07-09T19:15:10,0.5,"Rain, Partially cloudy",Partly cloudy throughout the day with afternoon rain.,rain,"42752099999,42662099999,42754099999,remote"
newyork,2017-07-10,88.5,75.3,82.1,96.1,75.3,85.4,71.9,72.2,0.008,100,8.33,rain,,,,16.1,267.7,1005.4,65.6,2.8,161.8,14.1,5,,2017-07-10T05:48:45,2017-07-10T19:15:04,0.54,"Rain, Partially cloudy",Partly cloudy throughout the day with morning rain.,rain,"42752099999,42662099999,42754099999,remote"
newyork,2017-07-11,87.9,74,80.5,94.4,74,83.1,72.4,77.6,0.079,100,4.17,rain,,,,16.1,263.3,1005.3,68.1,3,262.3,22.6,9,,2017-07-11T05:49:09,2017-07-11T19:14:56,0.57,"Rain, Partially cloudy",Partly cloudy throughout the day with early morning rain.,rain,"42752099999,42662099999,42754099999,remote"
newyork,2017-07-12,89.3,73.5,79.6,94.5,73.5,81.9,72.7,80.8,0.606,100,12.5,rain,,,,16.4,265.4,1004.1,83.4,2.6,219.8,19,8,,2017-07-12T05:49:33,2017-07-12T19:14:47,0.61,"Rain, Partially cloudy",Partly cloudy throughout the day with rain.,rain,"42752099999,42662099999,42754099999,remote"
newyork,2017-07-13,87.7,73.5,76.3,95.1,73.5,77.1,73.4,91.6,1.023,100,12.5,rain,,,,19.2,275.8,1003,89.9,1.8,246.4,21.2,8,,2017-07-13T05:49:57,2017-07-13T19:14:37,0.64,"Rain, Partially cloudy",Partly cloudy throughout the day with rain in the morning and afternoon.,rain,"42752099999,42662099999,42754099999,remote"
newyork,2017-07-14,82.3,74,76.6,88.5,74,77.1,74.3,92.7,1.811,100,16.67,rain,,,,17.7,274.9,1000.7,84.2,2.2,230.1,19.7,7,,2017-07-14T05:50:22,2017-07-14T19:14:25,0.68,"Rain, Partially cloudy",Partly cloudy throughout the day with a chance of rain throughout the day.,rain,"42752099999,42662099999,42754099999,remote"
newyork,2017-07-15,87,73.5,78.5,94.4,73.5,80.6,73.7,86.2,0.079,100,4.17,rain,,,,21.5,251.5,1002,63.6,2.7,244.4,21,7,,2017-07-15T05:50:47,2017-07-15T19:14:13,0.71,"Rain, Partially cloudy",Partly cloudy throughout the day with late afternoon rain.,rain,"42752099999,42662099999,42754099999,remote"
newyork,2017-07-16,85.7,73.5,77.7,92.5,73.5,79.1,73.4,87.3,0.236,100,8.33,rain,,,,15.2,255.3,1001.8,68.7,2.6,214.6,18.3,7,,2017-07-16T05:51:12,2017-07-16T19:13:59,0.75,"Rain, Partially cloudy",Partly cloudy throughout the day with rain.,rain,"42752099999,42662099999,42754099999,remote"
newyork,2017-07-17,89.5,73.5,77.7,98.4,73.5,78.5,74.1,89.1,0.008,100,4.17,rain,,,,13.3,258.9,1002.3,68.8,2.7,262.3,22.7,9,,2017-07-17T05:51:37,2017-07-17T19:13:44,0.75,"Rain, Partially cloudy",Partly cloudy throughout the day with afternoon rain.,rain,"42752099999,42662099999,42754099999,remote"
newyork,2017-07-18,87.9,73.5,79.7,100.2,73.5,83.3,74.8,85.5,0.433,100,4.17,rain,,,,8.7,256.9,1001.3,74.8,2.6,210.2,18.1,7,,2017-07-18T05:52:02,2017-07-18T19:13:28,0.82,"Rain, Partially cloudy",Partly cloudy throughout the day with late afternoon rain.,rain,"42752099999,42662099999,42754099999,remote"
newyork,2017-07-19,87,75.8,79.3,96.9,75.8,81.9,75.8,89.4,0.016,100,4.17,rain,,,,6.9,301,999.8,88.5,2.2,140.8,12.1,5,,2017-07-19T05:52:27,2017-07-19T19:13:11,0.85,"Rain, Partially cloudy",Partly cloudy throughout the day with afternoon rain.,rain,"42752099999,42662099999,42754099999,remote"
newyork,2017-07-20,86.6,74.9,79,98.5,74.9,81.6,74.9,87.8,0.393,100,12.5,rain,,,,6.9,271.3,998.7,83.4,2.2,155.2,13.3,5,,2017-07-20T05:52:52,2017-07-20T19:12:52,0.89,"Rain, Partially cloudy",Partly cloudy throughout the day with rain.,rain,"42752099999,42662099999,42754099999,remote"
newyork,2017-07-21,86.1,73.5,79,96,73.5,82.1,75.4,89.2,0.519,100,50,rain,,,,16.1,230.3,998.7,81.9,2.7,151.9,13.2,5,,2017-07-21T05:53:18,2017-07-21T19:12:33,0.92,"Rain, Partially cloudy",Partly cloudy throughout the day with a chance of rain throughout the day.,rain,"42752099999,42662099999,42754099999,remote"
newyork,2017-07-22,86.3,75.3,78.8,95.5,75.3,81.2,74.7,88,0.367,100,12.5,rain,,,,20.8,251.2,998.4,90.2,2.1,189.3,16.4,6,,2017-07-22T05:53:43,2017-07-22T19:12:12,0.96,"Rain, Overcast",Cloudy skies throughout the day with a chance of rain throughout the day.,rain,"42752099999,42662099999,42754099999,remote"
newyork,2017-07-23,82.3,71.7,75.6,88.1,71.7,75.9,73.4,92.9,0.039,100,4.17,rain,,,,30,248.9,1000,91.7,2,199.9,17.2,7,,2017-07-23T05:54:09,2017-07-23T19:11:50,0,"Rain, Overcast",Cloudy skies throughout the day with morning rain.,rain,"42752099999,42662099999,42754099999,remote"
newyork,2017-07-24,85.6,71.3,75.5,90.6,71.3,76,72,89.8,0.118,100,8.33,rain,,,,24.2,245.3,1000.4,90.4,1.8,285,24.5,9,,2017-07-24T05:54:34,2017-07-24T19:11:27,0.03,"Rain, Overcast",Cloudy skies throughout the day with rain in the morning and afternoon.,rain,"42752099999,42662099999,42754099999,remote"
newyork,2017-07-25,85,71.7,74.9,91.3,71.7,75.4,71.6,89.8,0.079,100,4.17,rain,,,,23.7,245.1,1000.2,89.9,1.9,179.9,15.5,6,,2017-07-25T05:54:59,2017-07-25T19:11:02,0.06,"Rain, Partially cloudy",Partly cloudy throughout the day with morning rain.,rain,"42752099999,42662099999,42754099999,remote"
newyork,2017-07-26,81.9,71,74.1,87.3,71,74.5,72,93.4,1.535,100,16.67,rain,,,,21.9,253.1,1001.2,93.7,1.7,182.7,15.6,6,,2017-07-26T05:55:25,2017-07-26T19:10:37,0.09,"Rain, Overcast",Cloudy skies throughout the day with a chance of rain throughout the day.,rain,"42752099999,42662099999,42754099999,remote"
newyork,2017-07-27,85,71,75,92.2,71,75.5,72.9,93.4,0.314,100,12.5,rain,,,,22.1,259.3,1002,89.4,1.9,257.3,22.2,8,,2017-07-27T05:55:50,2017-07-27T19:10:10,0.13,"Rain, Partially cloudy",Partly cloudy throughout the day with a chance of rain throughout the day.,rain,"42752099999,42662099999,42754099999,remote"
newyork,2017-07-28,75.8,71.7,74,75.8,71.7,74,72.7,95.9,0.394,100,8.33,rain,,,,20.8,255.4,1002.8,85.5,1.8,108.6,9.5,4,,2017-07-28T05:56:15,2017-07-28T19:09:43,0.16,"Rain, Partially cloudy",Partly cloudy throughout the day with rain in the morning and afternoon.,rain,"42752099999,42662099999,42754099999,remote"
newyork,2017-07-29,87.7,72.2,77.2,95.8,72.2,79,72.9,87.3,0.039,100,4.17,rain,,,,16.1,248,1004.8,56.4,2.1,298.5,25.7,9,,2017-07-29T05:56:41,2017-07-29T19:09:14,0.19,"Rain, Partially cloudy",Partly cloudy throughout the day with late afternoon rain.,rain,"42752099999,42662099999,42754099999,remote"
newyork,2017-07-30,82.5,71.7,77.1,88.5,71.7,79,73.3,88.2,0.016,100,16.67,rain,,,,13.9,247.2,1006.3,63,2.6,299.2,25.9,10,,2017-07-30T05:57:06,2017-07-30T19:08:44,0.25,"Rain, Partially cloudy",Partly cloudy throughout the day with rain clearing later.,rain,"42752099999,42662099999,42754099999,remote"
newyork,2017-07-31,85.6,73.5,78.3,92.5,73.5,80.1,73.4,85.8,0.012,100,4.17,rain,,,,11.4,253.8,1005,83.4,2.4,198.1,17,6,,2017-07-31T05:57:30,2017-07-31T19:08:13,0.26,"Rain, Partially cloudy",Partly cloudy throughout the day with early morning rain.,rain,"42752099999,42662099999,42754099999,remote"
newyork,2017-08-01,89.1,72.2,79.1,98.7,72.2,82,73.2,83.2,0.044,100,33.33,rain,,,,13.2,256.8,1005.2,58.1,2.4,300.5,25.9,9,,2017-08-01T05:57:55,2017-08-01T19:07:41,0.29,"Rain, Partially cloudy",Partly cloudy throughout the day with rain.,rain,"42752099999,42662099999,42754099999,remote"
newyork,2017-08-02,88.6,73.5,78.6,97.2,73.5,81.2,73.1,84.1,0.039,100,4.17,rain,,,,17.2,255.7,1005.7,64,2.7,296.6,25.6,9,,2017-08-02T05:58:20,2017-08-02T19:07:08,0.32,"Rain, Partially cloudy",Partly cloudy throughout the day with afternoon rain.,rain,"42752099999,42662099999,42754099999,remote"
newyork,2017-08-03,88.6,73.1,78.1,97,73.1,80.2,72.9,84.9,0.158,100,8.33,rain,,,,14.8,255.1,1003.6,67.9,2.7,283.8,24.4,9,,2017-08-03T05:58:44,2017-08-03T19:06:34,0.35,"Rain, Partially cloudy",Partly cloudy throughout the day with rain.,rain,"42752099999,42662099999,42754099999,remote"
newyork,2017-08-04,88.2,73.1,79,96,73.1,81.6,72.9,82.7,0,0,0,,,,,15.3,266.7,1000.8,77.5,2.5,248,21.3,9,,2017-08-04T05:59:09,2017-08-04T19:05:59,0.39,Partially cloudy,Partly cloudy throughout the day.,partly-cloudy-day,"42752099999,42662099999,42754099999,remote"
newyork,2017-08-05,86.3,72.2,78.8,92.9,72.2,81,72.4,81.9,0,0,0,,,,,13.9,273.9,1001.8,71.4,2.4,209.1,18.1,7,,2017-08-05T05:59:33,2017-08-05T19:05:23,0.42,Partially cloudy,Partly cloudy throughout the day.,partly-cloudy-day,"42752099999,42662099999,42754099999,remote"
newyork,2017-08-06,86.3,72.8,78.1,93,72.8,79.6,73.1,85.7,0.157,100,4.17,rain,,,,13.9,274.9,1003.4,80,1.9,199.8,17.1,6,,2017-08-06T05:59:57,2017-08-06T19:04:46,0.45,"Rain, Partially cloudy",Partly cloudy throughout the day with afternoon rain.,rain,"42752099999,42662099999,42754099999,remote"
newyork,2017-08-07,87.7,74,78.7,95.7,74,80.6,73.7,85.4,0,0,0,,,,,11.6,271.4,1003.6,89.7,1.9,227.2,19.6,8,,2017-08-07T06:00:21,2017-08-07T19:04:07,0.5,Partially cloudy,Partly cloudy throughout the day.,partly-cloudy-day,"42752099999,42662099999,42754099999,remote"
newyork,2017-08-08,82.5,74.6,77.5,89.4,74.6,78.7,73.7,88.5,0,0,0,,,,,18.3,269.7,1004.4,88.3,2.3,92.9,8,3,,2017-08-08T06:00:44,2017-08-08T19:03:28,0.52,Partially cloudy,Partly cloudy throughout the day.,partly-cloudy-day,"42752099999,42662099999,42754099999,remote"
newyork,2017-08-09,85,73.5,78.5,92,73.5,80.8,73.2,84.7,0,0,0,,,,,17.2,263.6,1003.8,75.9,2.4,173.6,14.9,5,,2017-08-09T06:01:07,2017-08-09T19:02:48,0.55,Partially cloudy,Partly cloudy throughout the day.,partly-cloudy-day,"42752099999,42662099999,42754099999,remote"
newyork,2017-08-10,87.3,72.2,78.3,94.5,72.2,80.2,73.3,85.5,0,0,0,,,,,13.6,259.8,1004.6,82.5,2.6,251.1,21.6,8,,2017-08-10T06:01:30,2017-08-10T19:02:07,0.59,Partially cloudy,Partly cloudy throughout the day.,partly-cloudy-day,"42752099999,42662099999,42754099999,remote"
newyork,2017-08-11,86.4,73.8,78.2,93.5,73.8,80,73.1,84.9,0.008,100,4.17,rain,,,,15,260.6,1005.1,82.8,2.4,229.8,19.8,7,,2017-08-11T06:01:53,2017-08-11T19:01:25,0.63,"Rain, Partially cloudy",Partly cloudy throughout the day with morning rain.,rain,"42752099999,42662099999,42754099999,remote"
newyork,2017-08-12,86.1,74,78,93.2,74,79.6,72.9,85.1,0.039,100,4.17,rain,,,,15.5,256.1,1005.3,74.5,2.4,199.5,17.2,6,,2017-08-12T06:02:16,2017-08-12T19:00:42,0.66,"Rain, Partially cloudy",Partly cloudy throughout the day with afternoon rain.,rain,"42752099999,42662099999,42754099999,remote"
newyork,2017-08-13,87.3,72.2,78,94.7,72.2,80.1,72.6,84.7,0.008,100,4.17,rain,,,,15.2,252,1005.6,70.4,2.5,216.5,18.6,8,,2017-08-13T06:02:38,2017-08-13T18:59:59,0.7,"Rain, Partially cloudy",Partly cloudy throughout the day with afternoon rain.,rain,"42752099999,42662099999,42754099999,remote"
newyork,2017-08-14,88.4,71.7,79.2,95.2,71.7,82,72.4,81.2,0.008,100,8.33,rain,,,,13.5,261.7,1007,71.5,2.1,271.7,23.3,9,,2017-08-14T06:03:01,2017-08-14T18:59:14,0.73,"Rain, Partially cloudy",Partly cloudy throughout the day with early morning rain.,rain,"42752099999,42662099999,42754099999,remote"
newyork,2017-08-15,87.3,73.3,77.8,94.3,73.3,79.6,72.9,85.6,0,0,0,,,,,13.2,273.6,1007.9,65.1,2.2,251.9,21.7,8,,2017-08-15T06:03:23,2017-08-15T18:58:29,0.75,Partially cloudy,Partly cloudy throughout the day.,partly-cloudy-day,"42752099999,42662099999,42754099999,remote"
newyork,2017-08-16,88.2,71.7,79,95.3,71.7,81.4,72.4,81.4,0,0,0,,,,,15.8,275.3,1006.5,67.8,2.6,272.7,23.7,9,,2017-08-16T06:03:44,2017-08-16T18:57:43,0.8,Partially cloudy,Partly cloudy throughout the day.,partly-cloudy-day,"42662099999,42754099999,remote"
newyork,2017-08-17,89,71.7,79.1,96.2,71.7,81.6,72.5,81.4,0,0,0,,,,,13.9,281.3,1003.5,56.9,2.6,279.4,24.1,9,,2017-08-17T06:04:06,2017-08-17T18:56:56,0.84,Partially cloudy,Partly cloudy throughout the day.,partly-cloudy-day,"42752099999,42662099999,42754099999,remote"
newyork,2017-08-18,86.1,73.1,79,93.7,73.1,81.6,73,82.8,0.79,100,29.17,rain,,,,12.8,290.6,1002.8,69.6,2.6,172.3,14.8,6,,2017-08-18T06:04:27,2017-08-18T18:56:08,0.88,"Rain, Partially cloudy",Partly cloudy throughout the day with rain.,rain,"42662099999,42754099999,remote"
newyork,2017-08-19,82.5,73.3,76.2,90,73.3,77,74,93.2,1.457,100,12.5,rain,,,,11.4,299.8,1002.9,87.3,1.7,162.1,13.8,6,,2017-08-19T06:04:48,2017-08-19T18:55:20,0.91,"Rain, Partially cloudy",Partly cloudy throughout the day with rain clearing later.,rain,"42752099999,42662099999,42754099999,remote"
newyork,2017-08-20,88.4,73.7,80.7,99.6,73.7,84.6,74.7,83.4,0.276,100,4.17,rain,,,,18.3,43,1000.7,71,2.4,247.5,21.2,9,,2017-08-20T06:05:09,2017-08-20T18:54:30,0.95,"Rain, Partially cloudy",Partly cloudy throughout the day with late afternoon rain.,rain,"42752099999,42662099999,42754099999,remote"
newyork,2017-08-21,88.8,76,80.5,100.3,76,83.9,75.1,84.5,0.445,100,45.83,rain,,,,21.8,111.1,1000.1,58,2.6,224.5,19.4,8,,2017-08-21T06:05:30,2017-08-21T18:53:40,0.98,"Rain, Partially cloudy",Partly cloudy throughout the day with a chance of rain throughout the day.,rain,"42752099999,42662099999,42754099999,remote"
newyork,2017-08-22,86.4,71,77.8,94.2,71,79.9,73.6,87.6,0.031,100,4.17,rain,,,,13.9,216.7,1002.2,47.6,2.6,257.3,22.2,8,,2017-08-22T06:05:50,2017-08-22T18:52:50,0,"Rain, Partially cloudy",Partly cloudy throughout the day with morning rain.,rain,"42752099999,42662099999,42754099999,remote"
newyork,2017-08-23,88.2,71.3,76.8,96.2,71.3,78,72.5,87.2,0,0,0,,,,,11.4,274.1,1006,64.9,2.4,292.5,25.3,10,,2017-08-23T06:06:10,2017-08-23T18:51:59,0.05,Partially cloudy,Partly cloudy throughout the day.,partly-cloudy-day,"42752099999,42662099999,42754099999,remote"
newyork,2017-08-24,88.6,71.9,77.8,98.6,71.9,80.1,73.7,88.2,0.867,100,8.33,rain,,,,17.2,284.1,1004.2,66.4,2,264.2,22.8,9,,2017-08-24T06:06:30,2017-08-24T18:51:07,0.08,"Rain, Partially cloudy",Partly cloudy throughout the day with rain.,rain,"42752099999,42662099999,42754099999,remote"
newyork,2017-08-25,86.3,72.8,78.1,95.3,72.8,80.1,74.3,88.7,0.433,100,4.17,rain,,,,12.3,297.8,1002.4,81.7,2.2,193.7,16.6,7,,2017-08-25T06:06:50,2017-08-25T18:50:14,0.11,"Rain, Partially cloudy",Partly cloudy throughout the day with afternoon rain.,rain,"42752099999,42662099999,42754099999,remote"
newyork,2017-08-26,85.9,72.8,78.1,94.1,72.8,80.2,74,88.2,1.811,100,8.33,rain,,,,11,292.8,1001.1,81.7,2.2,203.4,17.4,8,,2017-08-26T06:07:09,2017-08-26T18:49:21,0.14,"Rain, Partially cloudy",Partly cloudy throughout the day with rain.,rain,"42752099999,42662099999,42754099999,remote"
newyork,2017-08-27,86.1,73.5,78.7,93.7,73.5,81.3,75,89.1,1.614,100,12.5,rain,,,,10.5,315.3,1000,81.5,2.4,122.3,10.5,5,,2017-08-27T06:07:29,2017-08-27T18:48:27,0.18,"Rain, Partially cloudy",Partly cloudy throughout the day with rain.,rain,"42752099999,42662099999,42754099999,remote"
newyork,2017-08-28,86.1,73.5,79.3,95.4,73.5,82.5,75.3,88.2,0.315,100,8.33,rain,,,,11.4,330.7,998.2,77.3,2.4,174.1,15,6,,2017-08-28T06:07:48,2017-08-28T18:47:33,0.21,"Rain, Partially cloudy",Partly cloudy throughout the day with rain clearing later.,rain,"42752099999,42662099999,42754099999,remote"
newyork,2017-08-29,84.6,75.3,78.2,94.1,75.3,79.6,75.8,92.5,0.591,100,12.5,rain,,,,7.4,156.1,997.4,87.7,1.9,149.2,12.9,6,,2017-08-29T06:08:07,2017-08-29T18:46:38,0.25,"Rain, Partially cloudy",Partly cloudy throughout the day with rain in the morning and afternoon.,rain,"42752099999,42662099999,42754099999,remote"
newyork,2017-08-30,86.4,73.1,77.9,96.7,73.1,80,74.2,88.9,0.394,100,4.17,rain,,,,17,196.4,1000.9,72,2.4,203.5,17.5,7,,2017-08-30T06:08:25,2017-08-30T18:45:43,0.27,"Rain, Partially cloudy",Partly cloudy throughout the day with afternoon rain.,rain,"42752099999,42662099999,42754099999,remote"
newyork,2017-08-31,87.2,70.1,78,94.6,70.1,80.2,71.6,82.1,0,0,0,,,,,17.2,225.9,1005.3,67.9,2.6,297.8,25.7,10,,2017-08-31T06:08:44,2017-08-31T18:44:47,0.31,Partially cloudy,Partly cloudy throughout the day.,partly-cloudy-day,"42752099999,42662099999,42754099999,remote"
newyork,2017-09-01,86.4,71,77.7,93.3,71,79.7,71.5,82.6,0,0,0,,,,,12.8,250.6,1007.1,41.1,2.5,302.9,26.1,10,,2017-09-01T06:09:02,2017-09-01T18:43:51,0.34,Partially cloudy,Partly cloudy throughout the day.,partly-cloudy-day,"42752099999,42662099999,42754099999,remote"
newyork,2017-09-02,86.1,68.6,77.1,90.8,68.6,78.7,70.7,81.9,0.016,100,12.5,rain,,,,13.9,262.8,1007.4,45.3,2.6,256.1,22.1,8,,2017-09-02T06:09:21,2017-09-02T18:42:54,0.37,"Rain, Partially cloudy",Partly cloudy throughout the day with rain.,rain,"42752099999,42662099999,42754099999,remote"
newyork,2017-09-03,83.6,72.2,76.2,89.7,72.2,77,73,90.2,0.472,100,12.5,rain,,,,12.8,244.6,1007.4,67,2,206.3,17.8,6,,2017-09-03T06:09:39,2017-09-03T18:41:57,0.4,"Rain, Partially cloudy",Partly cloudy throughout the day with rain.,rain,"42752099999,42662099999,42754099999,remote"
newyork,2017-09-04,87.2,72.8,78.3,97.2,72.8,80.7,73.6,86.3,0.008,100,4.17,rain,,,,11.4,280,1008.6,49.3,2.6,271.8,23.6,9,,2017-09-04T06:09:57,2017-09-04T18:41:00,0.43,"Rain, Partially cloudy",Partly cloudy throughout the day with afternoon rain.,rain,"42752099999,42662099999,42754099999,remote"
newyork,2017-09-05,86.1,73.1,78,92.1,73.1,79.5,72.8,85.1,0.008,100,8.33,rain,,,,13.9,282.4,1009.5,62.8,2.5,275.6,23.9,9,,2017-09-05T06:10:15,2017-09-05T18:40:02,0.47,"Rain, Partially cloudy",Partly cloudy throughout the day with late afternoon rain.,rain,"42752099999,42662099999,42754099999,remote"
newyork,2017-09-06,86.1,72.2,78.6,92.1,72.2,80.3,72.4,82.6,0.004,100,4.17,rain,,,,8.1,296.2,1008.1,62.6,2.3,194.3,16.7,7,,2017-09-06T06:10:33,2017-09-06T18:39:04,0.5,"Rain, Partially cloudy",Partly cloudy throughout the day with early morning rain.,rain,"42752099999,42662099999,42754099999,remote"
newyork,2017-09-07,87,71.7,79,93.3,71.7,81.1,70.9,77.9,0,0,0,,,,,7.2,313.5,1008.3,27.4,2,282,24.5,9,,2017-09-07T06:10:50,2017-09-07T18:38:06,0.54,Partially cloudy,Partly cloudy throughout the day.,partly-cloudy-day,"42752099999,42662099999,42754099999,remote"
newyork,2017-09-08,89.3,72.4,79.8,95.4,72.4,82.6,71.7,78.1,1.851,100,8.33,rain,,,,14.6,308.1,1008.3,45.9,2.2,271.3,23.5,9,,2017-09-08T06:11:08,2017-09-08T18:37:07,0.57,"Rain, Partially cloudy",Partly cloudy throughout the day with rain.,rain,"42752099999,42662099999,42754099999,remote"
newyork,2017-09-09,89.7,74.2,80.9,100.1,74.2,84.7,74,80.6,0.028,100,8.33,rain,,,,11.4,321.8,1006.5,57.8,1.9,241.7,21,8,,2017-09-09T06:11:25,2017-09-09T18:36:08,0.61,"Rain, Partially cloudy",Partly cloudy throughout the day with early morning rain.,rain,"42752099999,42662099999,42754099999,remote"
newyork,2017-09-10,89,75.3,82,99.8,75.3,87.5,74.4,78.3,0.032,100,33.33,rain,,,,6.5,144.1,1006.7,73.4,1.8,194.7,16.9,7,,2017-09-10T06:11:43,2017-09-10T18:35:09,0.64,"Rain, Partially cloudy",Partly cloudy throughout the day with rain.,rain,"42752099999,42662099999,42754099999,remote"
newyork,2017-09-11,90.2,74.9,81.6,100.5,74.9,86,74.6,80.4,0.039,100,4.17,rain,,,,10.3,164.8,1009.2,77.3,2,200.7,17.4,7,,2017-09-11T06:12:00,2017-09-11T18:34:09,0.68,"Rain, Partially cloudy",Partly cloudy throughout the day with afternoon rain.,rain,"42752099999,42662099999,42754099999,remote"
newyork,2017-09-12,86.1,73.1,78.2,95.9,73.1,80.5,74.6,89,1.773,100,12.5,rain,,,,10.3,199.5,1009.9,83.8,1.8,138,11.8,5,,2017-09-12T06:12:18,2017-09-12T18:33:10,0.71,"Rain, Partially cloudy",Partly cloudy throughout the day with rain.,rain,"42752099999,42662099999,42754099999,remote"
newyork,2017-09-13,87.7,73.5,78.2,98.2,73.5,80.4,74.1,87.8,0.031,100,4.17,rain,,,,10.3,240.5,1008.7,76.4,2.1,222,19.1,8,,2017-09-13T06:12:35,2017-09-13T18:32:10,0.75,"Rain, Partially cloudy",Partly cloudy throughout the day with afternoon rain.,rain,"42752099999,42662099999,42754099999,remote"
newyork,2017-09-14,86.6,73.5,78.9,96,73.5,82,74.5,87,0.158,100,8.33,rain,,,,9.2,289.7,1007.4,67.4,1.9,222.6,19.2,7,,2017-09-14T06:12:52,2017-09-14T18:31:10,0.79,"Rain, Partially cloudy",Partly cloudy throughout the day with rain.,rain,"42752099999,42662099999,42754099999,remote"
newyork,2017-09-15,84.5,71.7,77.3,92.3,71.7,79.2,74.2,90.8,0.748,100,4.17,rain,,,,6.9,302.3,1006.4,71.7,1.5,190.1,16.3,7,,2017-09-15T06:13:10,2017-09-15T18:30:10,0.82,"Rain, Partially cloudy",Partly cloudy throughout the day with afternoon rain.,rain,"42752099999,42662099999,42754099999,remote"
newyork,2017-09-16,84.3,73.5,78,93.3,73.5,80,74.5,89.4,0.016,100,4.17,rain,,,,9,304.1,1006,65.9,1.8,157.5,13.5,5,,2017-09-16T06:13:27,2017-09-16T18:29:10,0.86,"Rain, Partially cloudy",Partly cloudy throughout the day with afternoon rain.,rain,"42752099999,42662099999,42754099999,remote"
newyork,2017-09-17,87.2,73.1,78.4,96.5,73.1,80.5,74.4,88.1,0.039,100,4.17,rain,,,,9.2,273.3,1005.7,65.6,1.9,240.7,20.8,8,,2017-09-17T06:13:45,2017-09-17T18:28:10,0.89,"Rain, Partially cloudy",Partly cloudy throughout the day with afternoon rain.,rain,"42752099999,42662099999,42754099999,remote"
newyork,2017-09-18,84.8,72.8,79.1,93.9,72.8,82.1,74.4,86,0.169,100,37.5,rain,,,,11.4,219.7,1005.5,76.4,2.3,122.2,10.6,4,,2017-09-18T06:14:02,2017-09-18T18:27:09,0.93,"Rain, Partially cloudy",Partly cloudy throughout the day with a chance of rain throughout the day.,rain,"42752099999,42662099999,42754099999,remote"
newyork,2017-09-19,91.5,73.5,81.1,100.1,73.5,84.2,72.5,77.2,0,0,0,,,,,6.3,283.4,1004.6,54.2,2.5,255.7,22,9,,2017-09-19T06:14:20,2017-09-19T18:26:09,0.97,Partially cloudy,Partly cloudy throughout the day.,partly-cloudy-day,"42752099999,42662099999,42754099999,remote"
newyork,2017-09-20,91.7,69.3,78.1,102.2,69.3,80.6,72.5,84,0.315,100,8.33,rain,,,,12.8,292,1003,64.6,1.9,240.6,20.7,9,,2017-09-20T06:14:37,2017-09-20T18:25:09,0,"Rain, Partially cloudy",Partly cloudy throughout the day with rain.,rain,"42752099999,42662099999,42754099999,remote"
newyork,2017-09-21,84.8,73.2,76.7,93.7,73.2,77.8,73.7,90.8,0.236,100,8.33,rain,,,,18.3,293.2,1003.8,86.5,1.8,207.9,18,7,,2017-09-21T06:14:55,2017-09-21T18:24:09,0.03,"Rain, Partially cloudy",Partly cloudy throughout the day with rain clearing later.,rain,"42662099999,42754099999,remote"
newyork,2017-09-22,84.8,71.7,76.8,92.7,71.7,78.2,72.9,88.5,0.118,100,4.17,rain,,,,15.7,271,1005.1,77,1.9,242.8,21,9,,2017-09-22T06:15:12,2017-09-22T18:23:09,0.07,"Rain, Partially cloudy",Partly cloudy throughout the day with morning rain.,rain,"42752099999,42662099999,42754099999,remote"
newyork,2017-09-23,87.3,70.1,77.8,95.5,70.1,80.3,72.1,83.9,0,0,0,,,,,13.9,278.4,1008.1,34.8,2.5,273.2,23.6,9,,2017-09-23T06:15:30,2017-09-23T18:22:09,0.1,Partially cloudy,Partly cloudy throughout the day.,partly-cloudy-day,"42752099999,42662099999,42754099999,remote"
newyork,2017-09-24,87.5,69.2,77.8,94.7,69.2,80,70.9,80.9,0,0,0,,,,,8.1,293.8,1010,35.3,2.2,279.2,24.3,9,,2017-09-24T06:15:48,2017-09-24T18:21:09,0.13,Partially cloudy,Partly cloudy throughout the day.,partly-cloudy-day,"42752099999,42662099999,42754099999,remote"
newyork,2017-09-25,89.7,69.9,78.7,95,69.9,80.6,71.1,80.1,0,0,0,,,,,9,301.3,1008.4,32.2,2.4,265.4,23,9,,2017-09-25T06:16:06,2017-09-25T18:20:09,0.16,Partially cloudy,Clearing in the afternoon.,partly-cloudy-day,"42752099999,42662099999,42754099999,remote"
newyork,2017-09-26,90.8,69.3,78.6,96,69.3,80.4,70.5,78.6,0,0,0,,,,,9.2,305.7,1007.8,28.4,2.4,253.3,22.2,9,,2017-09-26T06:16:25,2017-09-26T18:19:09,0.19,Partially cloudy,Partly cloudy throughout the day.,partly-cloudy-day,"42752099999,42662099999,42754099999,remote"
newyork,2017-09-27,91.5,69.3,79.8,96.9,69.3,82.3,70.5,75.8,0,0,0,,,,,6.9,322.9,1008.1,50.8,2.6,258.9,22.4,9,,2017-09-27T06:16:43,2017-09-27T18:18:10,0.23,Partially cloudy,Partly cloudy throughout the day.,partly-cloudy-day,"42752099999,42662099999,42754099999,remote"
newyork,2017-09-28,95.1,72.1,81.6,97.7,72.1,83.2,69,70,0,0,0,,,,,11.4,332.5,1006.6,46.8,2.8,255.7,22,9,,2017-09-28T06:17:02,2017-09-28T18:17:11,0.25,Partially cloudy,Partly cloudy throughout the day.,partly-cloudy-day,"42752099999,42662099999,42754099999,remote"
newyork,2017-09-29,93.3,72.9,81.3,96.3,72.9,83.3,70,71.7,0,0,0,,,,,9.2,309.9,1006.6,57.6,2.5,210.3,18,8,,2017-09-29T06:17:21,2017-09-29T18:16:12,0.29,Partially cloudy,Partly cloudy throughout the day.,partly-cloudy-day,"42752099999,42662099999,42754099999,remote"
newyork,2017-09-30,93.5,69.5,81.3,97,69.5,82.3,67.1,66.3,0,0,0,,,,,9.2,341.8,1008.6,47.1,2.7,276.2,23.9,9,,2017-09-30T06:17:40,2017-09-30T18:15:13,0.32,Partially cloudy,Partly cloudy throughout the day.,partly-cloudy-day,"42752099999,42662099999,42754099999,remote"
newyork,2017-10-01,95.6,67.6,80.9,96.6,67.6,81.6,64.9,62.4,0,0,0,,,,,13.9,353.7,1008,21.6,2.9,271.3,23.3,9,,2017-10-01T06:17:59,2017-10-01T18:14:15,0.36,Partially cloudy,Partly cloudy throughout the day.,partly-cloudy-day,"42752099999,42662099999,42754099999,remote"
newyork,2017-10-02,95.1,67.6,81.7,95.3,67.6,82.1,64.1,60.3,0,0,0,,,,,6.9,354,1007.5,31.9,2.7,275.3,23.8,9,,2017-10-02T06:18:19,2017-10-02T18:13:17,0.39,Partially cloudy,Partly cloudy throughout the day.,partly-cloudy-day,"42752099999,42662099999,42754099999,remote"
newyork,2017-10-03,95.3,71.7,83.4,99,71.7,85,65.5,57.2,0,0,0,,,,,9.2,77.5,1009,29.2,2.7,274.8,23.6,9,,2017-10-03T06:18:39,2017-10-03T18:12:19,0.42,Partially cloudy,Partly cloudy throughout the day.,partly-cloudy-day,"42752099999,42662099999,42754099999,remote"
newyork,2017-10-04,95.1,69.2,82.7,92.9,69.2,81.9,57.7,47.1,0,0,0,,,,,9.2,35.7,1009.8,21.9,2.8,275.1,23.8,9,,2017-10-04T06:18:59,2017-10-04T18:11:21,0.45,Partially cloudy,Partly cloudy throughout the day.,partly-cloudy-day,"42752099999,42662099999,42754099999,remote"
newyork,2017-10-05,93.3,69.9,81.2,91.2,69.9,80.6,59.7,51.9,0,0,0,,,,,16.1,58.6,1009,26.7,2.7,262.5,22.7,9,,2017-10-05T06:19:19,2017-10-05T18:10:25,0.48,Partially cloudy,Partly cloudy throughout the day.,partly-cloudy-day,"42752099999,42662099999,42754099999,remote"
newyork,2017-10-06,93.3,71.3,82.4,94.5,71.3,83.8,66.8,62.6,0,0,0,,,,,18.3,70.9,1008.3,45.3,2.6,209.8,18.2,8,,2017-10-06T06:19:40,2017-10-06T18:09:28,0.5,Partially cloudy,Partly cloudy throughout the day.,partly-cloudy-day,"42752099999,42662099999,42754099999,remote"
newyork,2017-10-07,94.4,73.7,82.6,97.8,73.7,85.7,70.4,69.2,0,0,0,,,,,11.4,75,1007.4,36.5,2.7,175.3,15.2,6,,2017-10-07T06:20:01,2017-10-07T18:08:32,0.55,Partially cloudy,Partly cloudy throughout the day.,partly-cloudy-day,"42752099999,42662099999,42754099999,remote"
newyork,2017-10-08,93.8,74.9,84,96,74.9,85.5,67.9,62.9,0.012,100,12.5,rain,,,,11.4,52.9,1006.6,54.7,2.4,162.9,14.1,6,,2017-10-08T06:20:22,2017-10-08T18:07:36,0.59,"Rain, Partially cloudy",Partly cloudy throughout the day with rain.,rain,"42752099999,42662099999,42754099999,remote"
newyork,2017-10-09,91.5,74.9,81.5,97.2,74.9,84.2,71.4,73.1,0.032,100,33.33,rain,,,,20.8,91.7,1006.7,63.6,2.5,156.9,13.5,5,,2017-10-09T06:20:44,2017-10-09T18:06:41,0.62,"Rain, Partially cloudy",Partly cloudy throughout the day with a chance of rain throughout the day.,rain,"42752099999,42662099999,42754099999,remote"
newyork,2017-10-10,87.9,72.8,79.1,91.6,72.8,80.3,70.6,77.1,0.118,100,4.17,rain,,,,18.3,89.5,1007.3,58.3,2.7,186.5,16.2,7,,2017-10-10T06:21:06,2017-10-10T18:05:47,0.66,"Rain, Partially cloudy",Partly cloudy throughout the day with late afternoon rain.,rain,"42752099999,42662099999,42754099999,remote"
newyork,2017-10-11,91.4,73.7,80.6,99.9,73.7,81.9,68.9,71.5,0.102,100,25,rain,,,,10.1,82.2,1006.4,50.5,2.8,205.5,17.8,7,,2017-10-11T06:21:28,2017-10-11T18:04:53,0.7,"Rain, Partially cloudy",Partly cloudy throughout the day with a chance of rain throughout the day.,rain,"42752099999,42662099999,42754099999,remote,VAID"
newyork,2017-10-12,89.6,74.2,81.2,94.6,74.2,82.3,66.2,62.5,0.016,100,12.5,rain,,,,15,75.1,1007.2,56.5,2.5,221.4,18.9,8,,2017-10-12T06:21:51,2017-10-12T18:04:00,0.75,"Rain, Partially cloudy",Partly cloudy throughout the day with rain.,rain,"42752099999,42662099999,42754099999,remote,VAID"
newyork,2017-10-13,89.6,74,80.7,91.1,74,82,68.4,68.5,0,0,0,,,,,9.2,356.4,1007,62.1,2.6,219.7,18.9,8,,2017-10-13T06:22:14,2017-10-13T18:03:07,0.77,Partially cloudy,Partly cloudy throughout the day.,partly-cloudy-day,"42752099999,42662099999,42754099999,remote,VAID"
newyork,2017-10-14,93.2,72.8,81.8,95.7,72.8,83.4,68.1,66,0,0,0,,,,,8.9,332.8,1006.6,60.6,2.7,240.9,20.6,8,,2017-10-14T06:22:38,2017-10-14T18:02:15,0.8,Partially cloudy,Partly cloudy throughout the day.,partly-cloudy-day,"42752099999,42662099999,42754099999,remote,VAID"
newyork,2017-10-15,94.6,71.6,81.9,95.1,71.6,82.4,65.1,60.9,0,0,0,,,,,10.3,248.6,1007.7,40.7,2.5,247.7,21.4,9,,2017-10-15T06:23:02,2017-10-15T18:01:23,0.84,Partially cloudy,Partly cloudy throughout the day.,partly-cloudy-day,"42752099999,42662099999,42754099999,remote,VAID"
newyork,2017-10-16,93.5,69.7,81.3,93.3,69.7,80.6,58.9,52.4,0,0,0,,,,,6.9,288.1,1008,18.4,2.9,254.9,22.2,9,,2017-10-16T06:23:26,2017-10-16T18:00:33,0.87,Clear,Clear conditions throughout the day.,clear-day,"42752099999,42662099999,42754099999,remote,VAID"
newyork,2017-10-17,95.1,65.7,78.6,92,65.7,78,58.2,55.2,0,0,0,,,,,12.8,343.5,1007.9,4.8,2.9,258.2,22.4,9,,2017-10-17T06:23:51,2017-10-17T17:59:43,0.91,Clear,Clear conditions throughout the day.,clear-day,"42752099999,42662099999,42754099999,remote,VAID"
newyork,2017-10-18,93.5,62,78,89.4,62,77.1,54.2,49.4,0,0,0,,,,,11.4,19.8,1008.7,1.8,2.7,258.5,22.3,9,,2017-10-18T06:24:16,2017-10-18T17:58:53,0.95,Clear,Clear conditions throughout the day.,clear-day,"42752099999,42662099999,42754099999,remote,VAID"
newyork,2017-10-19,91,66.2,78.9,87.4,66.2,78,53.8,44.4,0,0,0,,,,,12.8,34.8,1008.7,21.4,2.3,240.5,20.6,8,,2017-10-19T06:24:42,2017-10-19T17:58:05,0.98,Partially cloudy,Partly cloudy throughout the day.,partly-cloudy-day,"42752099999,42662099999,42754099999,remote,VAID"
newyork,2017-10-20,91.7,65.2,78.9,93.5,65.2,80,63.3,60.8,0,0,0,,,,,11.4,21.2,1007.4,51.7,2.6,222.8,19.3,8,,2017-10-20T06:25:09,2017-10-20T17:57:17,0,Partially cloudy,Partly cloudy throughout the day.,partly-cloudy-day,"42752099999,42662099999,42754099999,remote,VAID"
newyork,2017-10-21,91.5,71.6,82,94.6,71.6,82.2,63.9,58,0,0,0,,,,,9.2,350.2,1008.2,48.7,2.7,229.1,19.9,8,,2017-10-21T06:25:35,2017-10-21T17:56:31,0.05,Partially cloudy,Partly cloudy throughout the day.,partly-cloudy-day,"42752099999,42662099999,42754099999,remote,VAID"
newyork,2017-10-22,91.7,66.8,78.6,90.3,66.8,78.2,59.6,56.7,0,0,0,,,,,12.8,293.4,1008.8,10.7,2.9,238.7,20.4,8,,2017-10-22T06:26:02,2017-10-22T17:55:45,0.08,Clear,Clear conditions throughout the day.,clear-day,"42752099999,42662099999,42754099999,remote,VAID"
newyork,2017-10-23,91.4,61.2,75.5,87.5,61.2,74.6,52.6,49.9,0,0,0,,,,,16.1,299,1010.3,28,2.9,252.3,21.8,9,,2017-10-23T06:26:30,2017-10-23T17:55:00,0.11,Partially cloudy,Partly cloudy throughout the day.,partly-cloudy-day,"42752099999,42662099999,42754099999,remote,VAID"
newyork,2017-10-24,89.7,61.4,75.5,86.1,61.4,74.4,51.3,49.8,0,0,0,,,,,10.3,304.8,1012.3,4.4,2.8,251.6,21.7,9,,2017-10-24T06:26:58,2017-10-24T17:54:16,0.14,Clear,Clear conditions throughout the day.,clear-day,"42752099999,42662099999,42754099999,remote,VAID"
newyork,2017-10-25,91.4,62.9,76.3,87.3,62.9,75,47,40.5,0,0,0,,,,,6,192.9,1014.8,0,2.8,251.7,21.8,9,,2017-10-25T06:27:27,2017-10-25T17:53:32,0.18,Clear,Clear conditions throughout the day.,clear-day,"42752099999,42662099999,42754099999,remote,VAID"
newyork,2017-10-26,91.4,61.8,75.7,87.2,61.8,74.6,49,44.5,0,0,0,,,,,6.9,161.6,1014.4,0.2,2.8,245.4,21.2,9,,2017-10-26T06:27:56,2017-10-26T17:52:50,0.21,Clear,Clear conditions throughout the day.,clear-day,"42752099999,42662099999,42754099999,remote,VAID"
newyork,2017-10-27,91,64.4,76.7,87,64.4,75.6,49.6,42.3,0,0,0,,,,,9.2,176.9,1013.9,5,2.8,240.9,20.8,8,,2017-10-27T06:28:26,2017-10-27T17:52:09,0.24,Clear,Clear conditions throughout the day.,clear-day,"42752099999,42662099999,42754099999,remote,VAID"
newyork,2017-10-28,89.9,66.6,76.7,87,66.6,75.9,51.2,44.6,0,0,0,,,,,9.2,140.1,1012.5,6,2.7,235.3,20.1,8,,2017-10-28T06:28:56,2017-10-28T17:51:29,0.25,Clear,Clear conditions throughout the day.,clear-day,"42752099999,42662099999,42754099999,remote,VAID"
newyork,2017-10-29,91,64.7,76.5,87.3,64.7,75.7,51.5,44.9,0,0,0,,,,,4.7,141.7,1014.6,15.2,2.5,222.3,19.1,8,,2017-10-29T06:29:27,2017-10-29T17:50:50,0.31,Clear,Clear conditions throughout the day.,clear-day,"42752099999,42662099999,42754099999,remote,VAID"
newyork,2017-10-30,89.4,62.9,75.9,86.1,62.9,75.1,52.1,47.9,0,0,0,,,,,8.1,72.5,1014.9,1.2,2.6,230.7,19.9,8,,2017-10-30T06:29:58,2017-10-30T17:50:11,0.34,Clear,Clear conditions throughout the day.,clear-day,"42752099999,42662099999,42754099999,remote,VAID"
newyork,2017-10-31,87.9,62.6,75.5,85.4,62.6,74.4,49.1,43.6,0,0,0,,,,,6.9,83.9,1013.7,0,2.7,228.2,19.7,8,,2017-10-31T06:30:30,2017-10-31T17:49:34,0.37,Clear,Clear conditions throughout the day.,clear-day,"42752099999,42662099999,42754099999,remote,VAID"
newyork,2017-11-01,86.8,58.6,74.6,84,58.6,73.7,49.3,44.6,0,0,0,,,,,11.4,77.7,1013.9,0.5,2.6,224.1,19.4,8,,2017-11-01T06:31:02,2017-11-01T17:48:59,0.4,Clear,Clear conditions throughout the day.,clear-day,"42752099999,42662099999,42754099999,remote,VAID"
newyork,2017-11-02,87.8,62.1,73.9,84.8,62.1,73.2,51.7,48.2,0,0,0,,,,,8.1,89.2,1013.4,19.4,2.4,222.9,19.4,8,,2017-11-02T06:31:35,2017-11-02T17:48:24,0.44,Clear,Clear conditions throughout the day.,clear-day,"42752099999,42662099999,42754099999,remote,VAID"
newyork,2017-11-03,87.9,61.8,74.7,85.2,61.8,74,52.1,48.4,0,0,0,,,,,8.3,62.7,1012,0,2.7,224.2,19.5,8,,2017-11-03T06:32:08,2017-11-03T17:47:50,0.47,Clear,Clear conditions throughout the day.,clear-day,"42752099999,42662099999,42754099999,remote,VAID"
newyork,2017-11-04,85.6,57.5,72.3,83.4,57.5,71.8,53.5,55.1,0,0,0,,,,,9.2,83.6,1012.5,7.1,2.6,214.5,18.8,8,,2017-11-04T06:32:42,2017-11-04T17:47:18,0.5,Clear,Clear conditions throughout the day.,clear-day,"42752099999,42662099999,42754099999,remote,VAID"
newyork,2017-11-05,84.6,56.9,72.3,83.1,56.9,71.8,53.6,56,0,0,0,,,,,11.4,93,1013.7,0,2.7,228.7,19.9,8,,2017-11-05T06:33:16,2017-11-05T17:46:46,0.54,Clear,Clear conditions throughout the day.,clear-day,"42752099999,42662099999,42754099999,remote,VAID"
newyork,2017-11-06,86.3,57.6,72.7,84.4,57.6,72.3,55,57.2,0,0,0,,,,,9.2,92.2,1014.1,0,2.7,228.9,19.8,8,,2017-11-06T06:33:51,2017-11-06T17:46:16,0.57,Clear,Clear conditions throughout the day.,clear-day,"42752099999,42662099999,42754099999,remote,VAID"
newyork,2017-11-07,86.4,58.6,73.6,84.5,58.6,73.2,55.3,55.5,0,0,0,,,,,9.2,107,1014,0,2.6,225.4,19.6,8,,2017-11-07T06:34:26,2017-11-07T17:45:48,0.61,Clear,Clear conditions throughout the day.,clear-day,"42752099999,42662099999,42754099999,remote,VAID"
newyork,2017-11-08,86.6,59.4,73.6,84.7,59.4,73.1,54.7,54.6,0,0,0,,,,,10.3,96.9,1014.3,0,2.5,218.6,18.8,8,,2017-11-08T06:35:01,2017-11-08T17:45:20,0.64,Clear,Clear conditions throughout the day.,clear-day,"42752099999,42662099999,42754099999,remote,VAID"
newyork,2017-11-09,85.4,59.8,72.9,83.3,59.8,72.4,52.5,52,0,0,0,,,,,8.1,91.2,1012.3,0,2.7,208.5,18,8,,2017-11-09T06:35:37,2017-11-09T17:44:54,0.68,Clear,Clear conditions throughout the day.,clear-day,"42752099999,42662099999,42754099999,remote,VAID"
newyork,2017-11-10,84.2,58.2,71.7,81.9,58.2,71.1,49.3,48.5,0,0,0,,,,,9.2,73.4,1013.5,0,2.8,209,18.2,8,,2017-11-10T06:36:14,2017-11-10T17:44:29,0.71,Clear,Clear conditions throughout the day.,clear-day,"42752099999,42662099999,42754099999,remote,VAID"
newyork,2017-11-11,84.8,56,71.6,82.2,56,71,46.8,44.2,0,0,0,,,,,11.4,71.2,1013.8,0,2.7,207.9,18,8,,2017-11-11T06:36:51,2017-11-11T17:44:05,0.75,Clear,Clear conditions throughout the day.,clear-day,"42752099999,42662099999,42754099999,remote,VAID"
newyork,2017-11-12,84.8,53.7,70.1,82.1,53.7,69.5,45.6,45.1,0,0,0,,,,,6.9,73.4,1011.6,0.2,2.7,211.7,18.3,8,,2017-11-12T06:37:28,2017-11-12T17:43:43,0.78,Clear,Clear conditions throughout the day.,clear-day,"42752099999,42662099999,42754099999,remote,VAID"
newyork,2017-11-13,82.5,54.2,69.3,81,54.2,69,48.6,50.2,0,0,0,,,,,6.9,109.7,1010.4,5.3,2.5,200.9,17.5,7,,2017-11-13T06:38:06,2017-11-13T17:43:22,0.82,Clear,Clear conditions throughout the day.,clear-day,"42752099999,42662099999,42754099999,remote,VAID"
newyork,2017-11-14,84.2,56.2,69.8,82.2,56.2,69.4,51.3,54.7,0,0,0,,,,,9.2,146.9,1009.9,30.9,2.7,192.3,16.5,7,,2017-11-14T06:38:44,2017-11-14T17:43:02,0.85,Partially cloudy,Clearing in the afternoon.,partly-cloudy-day,"42752099999,42662099999,42754099999,remote,VAID"
newyork,2017-11-15,84.8,59,70.6,83.1,59,70.2,52.3,55.4,0,0,0,,,,,6.9,35.9,1011.2,1.5,2.6,189.9,16.3,7,,2017-11-15T06:39:22,2017-11-15T17:42:43,0.89,Clear,Clear conditions throughout the day.,clear-day,"42752099999,42662099999,42754099999,remote,VAID"
newyork,2017-11-16,85.6,58,71.5,83.5,58,71.1,51.3,52.2,0,0,0,,,,,6.9,22.8,1012.4,0.5,2.6,193.9,16.7,7,,2017-11-16T06:40:01,2017-11-16T17:42:27,0.92,Clear,Clear conditions throughout the day.,clear-day,"42752099999,42662099999,42754099999,remote,VAID"
newyork,2017-11-17,86.3,62.6,72.3,84.4,62.6,72.2,55.7,57,0,0,0,,,,,5.4,25.2,1012.5,19.9,2,192.3,16.5,7,,2017-11-17T06:40:40,2017-11-17T17:42:11,0.96,Clear,Clear conditions throughout the day.,clear-day,"42752099999,42662099999,42754099999,remote,VAID"
newyork,2017-11-18,88.2,62.5,73.2,86.3,62.5,72.9,57.4,60.5,0,0,0,,,,,6.9,57.1,1012.5,30.2,2.5,194.5,16.7,7,,2017-11-18T06:41:20,2017-11-18T17:41:57,0,Partially cloudy,Clearing in the afternoon.,partly-cloudy-day,"42752099999,42662099999,42754099999,remote,VAID"
newyork,2017-11-19,87.2,62.6,72.4,85.9,62.6,72.3,57.8,62,0,0,0,,,,,10.3,72,1014.2,13.7,2.1,190,16.3,7,,2017-11-19T06:41:59,2017-11-19T17:41:44,0.03,Clear,Clear conditions throughout the day.,clear-day,"42752099999,42662099999,42754099999,remote,VAID"
newyork,2017-11-20,87.2,64.1,73,85.5,64.1,72.7,57.2,59.7,0,0,0,,,,,11.4,70.8,1014.5,26.8,1.7,172.9,14.7,6,,2017-11-20T06:42:39,2017-11-20T17:41:33,0.06,Partially cloudy,Partly cloudy throughout the day.,partly-cloudy-day,"42752099999,42662099999,42754099999,remote,VAID"
newyork,2017-11-21,75.5,61.1,69.7,75.5,61.1,69.7,53.9,57.8,0,0,0,,,,,10.3,64.6,1014.6,37.5,2,167.4,14.4,6,,2017-11-21T06:43:19,2017-11-21T17:41:23,0.09,Partially cloudy,Partly cloudy throughout the day.,partly-cloudy-day,"42752099999,42662099999,42754099999,remote,VAID"
newyork,2017-11-22,86.8,61.4,71.6,86,61.4,71.5,56,59.8,0,0,0,,,,,9.2,57.9,1013.4,17.6,1.7,180.2,15.6,7,,2017-11-22T06:44:00,2017-11-22T17:41:14,0.12,Clear,Clear conditions throughout the day.,clear-day,"42752099999,42662099999,42754099999,remote,VAID"
newyork,2017-11-23,86.4,58.6,70.3,84,58.6,70.2,52.5,55,0,0,0,,,,,6.9,45.9,1013.6,0.4,2.4,189.5,16.2,7,,2017-11-23T06:44:40,2017-11-23T17:41:07,0.16,Clear,Clear conditions throughout the day.,clear-day,"42752099999,42662099999,42754099999,remote,VAID"
newyork,2017-11-24,85.7,56.2,69.1,82.9,56.2,68.7,49.4,52.4,0,0,0,,,,,6.9,63.3,1014.1,5.8,2.6,200.7,17.4,7,,2017-11-24T06:45:21,2017-11-24T17:41:01,0.19,Clear,Clear conditions throughout the day.,clear-day,"42752099999,42662099999,42754099999,remote,VAID"
newyork,2017-11-25,85.7,53.7,69,82.5,53.7,68.5,44.1,43.7,0,0,0,,,,,7.4,80.7,1015.5,10.8,2.5,214.2,18.4,8,,2017-11-25T06:46:02,2017-11-25T17:40:57,0.22,Clear,Clear conditions throughout the day.,clear-day,"42752099999,42662099999,42754099999,remote,VAID"
newyork,2017-11-26,86.4,53.7,69.3,83.1,53.7,68.7,43.5,42.3,0,0,0,,,,,6.9,87.7,1016.7,11.8,2.2,211.8,18.3,8,,2017-11-26T06:46:42,2017-11-26T17:40:54,0.25,Clear,Clear conditions throughout the day.,clear-day,"42752099999,42662099999,42754099999,remote,VAID"
newyork,2017-11-27,87,53.6,69.2,83.4,53.6,68.5,42.5,42.7,0,0,0,,,,,9.2,80.3,1014.4,33.9,2,216.8,18.6,8,,2017-11-27T06:47:23,2017-11-27T17:40:53,0.29,Partially cloudy,Partly cloudy throughout the day.,partly-cloudy-day,"42752099999,42662099999,42754099999,remote,VAID"
newyork,2017-11-28,84.3,52.4,69,82,52.4,68.5,44.3,42.9,0,0,0,,,,,8.1,127.6,1014,21.3,2.8,214.5,18.6,8,,2017-11-28T06:48:04,2017-11-28T17:40:53,0.32,Partially cloudy,Partly cloudy throughout the day.,partly-cloudy-day,"42752099999,42662099999,42754099999,remote,VAID"
newyork,2017-11-29,85.6,52.4,69.4,82.5,52.4,68.9,45.6,45.1,0,0,0,,,,,11.4,117.5,1015.1,8.5,2.5,203.9,17.7,7,,2017-11-29T06:48:45,2017-11-29T17:40:54,0.36,Clear,Clear conditions throughout the day.,clear-day,"42752099999,42662099999,42754099999,remote,VAID"
newyork,2017-11-30,85.2,53.9,69.3,82.3,53.9,69.1,47,47.5,0,0,0,,,,,11.4,90.3,1014.7,0,2.7,199.5,17.1,7,,2017-11-30T06:49:26,2017-11-30T17:40:57,0.39,Clear,Clear conditions throughout the day.,clear-day,"42752099999,42662099999,42754099999,remote,VAID"
newyork,2017-12-01,85.6,58.9,70.2,82.6,58.9,69.8,45.9,44.2,0,0,0,,,,,13.9,87.1,1014.7,23.8,2.4,197,16.9,7,,2017-12-01T06:50:06,2017-12-01T17:41:01,0.42,Partially cloudy,Becoming cloudy in the afternoon.,partly-cloudy-day,"42752099999,42662099999,42754099999,remote,VAID"
newyork,2017-12-02,83.7,54.2,68.5,81.4,54.2,68.2,46.4,47.2,0,0,0,,,,,10.3,93.3,1015.2,59,2.8,170.2,14.8,6,,2017-12-02T06:50:47,2017-12-02T17:41:07,0.45,Partially cloudy,Partly cloudy throughout the day.,partly-cloudy-day,"42752099999,42662099999,42754099999,remote,VAID"
newyork,2017-12-03,82.5,54.2,67.2,80.7,54.2,67.1,47.8,51.4,0,0,0,,,,,10.3,108,1014.4,55.3,2.3,171.2,14.8,7,,2017-12-03T06:51:27,2017-12-03T17:41:14,0.5,Partially cloudy,Partly cloudy throughout the day.,partly-cloudy-day,"42752099999,42662099999,42754099999,remote,VAID"
newyork,2017-12-04,81.9,56,68.6,80.5,56,68.6,50.5,53.8,0,0,0,,,,,12.8,100.2,1013.2,67.8,2.5,136.5,11.8,6,,2017-12-04T06:52:07,2017-12-04T17:41:22,0.52,Partially cloudy,Partly cloudy throughout the day.,partly-cloudy-day,"42752099999,42662099999,42754099999,remote,VAID"
newyork,2017-12-05,77.8,60.8,66.7,77.8,60.8,66.7,51.9,60.3,0.031,100,4.17,rain,,,,14.8,58.4,1012.9,73.8,1.8,120.5,10.4,5,,2017-12-05T06:52:47,2017-12-05T17:41:32,0.56,"Rain, Partially cloudy",Partly cloudy throughout the day with afternoon rain.,rain,"42752099999,42662099999,42754099999,remote,VAID"
newyork,2017-12-06,83.6,57.8,65.6,83.8,57.8,65.6,54.6,68.7,0.012,100,12.5,rain,,,,12.1,76.9,1012.5,69.1,1.7,137.2,11.8,5,,2017-12-06T06:53:27,2017-12-06T17:41:43,0.59,"Rain, Partially cloudy",Partly cloudy throughout the day with early morning rain.,rain,"42752099999,42662099999,42754099999,remote,VAID"
newyork,2017-12-07,74.7,59,66.8,74.7,59,66.8,56.9,70.9,0,0,0,,,,,10.3,62.9,1013.6,61,1.4,144,12.4,6,,2017-12-07T06:54:06,2017-12-07T17:41:56,0.62,Partially cloudy,Partly cloudy throughout the day.,partly-cloudy-day,"42752099999,42662099999,42754099999,remote,VAID"
newyork,2017-12-08,85.9,60.8,69.3,84.3,60.8,69.2,56.6,65.7,0,0,0,,,,,9.2,63.6,1014.6,37.6,1.6,166,14.3,6,,2017-12-08T06:54:45,2017-12-08T17:42:10,0.66,Partially cloudy,Partly cloudy throughout the day.,partly-cloudy-day,"42752099999,42662099999,42754099999,remote,VAID"
newyork,2017-12-09,85.9,59.4,70.7,84.4,59.4,70.6,54.8,59.2,0,0,0,,,,,13.9,73.5,1014,12.7,2.7,183.9,15.8,7,,2017-12-09T06:55:23,2017-12-09T17:42:25,0.69,Clear,Clear conditions throughout the day.,clear-day,"42752099999,42662099999,42754099999,remote,VAID"
newyork,2017-12-10,85.7,57.1,70.6,83.2,57.1,70.1,49.9,51.4,0,0,0,,,,,11.4,90.6,1013.8,1.6,2.6,199.4,17.1,7,,2017-12-10T06:56:02,2017-12-10T17:42:41,0.75,Clear,Clear conditions throughout the day.,clear-day,"42752099999,42662099999,42754099999,remote,VAID"
newyork,2017-12-11,88.4,56.9,70.7,85.6,56.9,70.3,50.9,51.9,0,0,0,,,,,11.4,206.9,1013.2,12.2,2.7,189.9,16.3,7,,2017-12-11T06:56:39,2017-12-11T17:42:59,0.76,Clear,Clear conditions throughout the day.,clear-day,"42752099999,42662099999,42754099999,remote,VAID"
newyork,2017-12-12,83.2,60.2,69.9,81.9,60.2,69.8,55.9,63.6,0,0,0,,,,,8.1,293.9,1014.4,5.8,2.5,179.4,15.4,7,,2017-12-12T06:57:16,2017-12-12T17:43:18,0.79,Clear,Clear conditions throughout the day.,clear-day,"42752099999,42662099999,42754099999,remote,VAID"
newyork,2017-12-13,83.4,55.4,68.4,81.7,55.4,68.3,54.2,63.2,0,0,0,,,,,6.7,10.4,1015.3,4.1,1.9,186,16.2,7,,2017-12-13T06:57:53,2017-12-13T17:43:38,0.83,Clear,Clear conditions throughout the day.,clear-day,"42752099999,42662099999,42754099999,remote,VAID"
newyork,2017-12-14,86.1,57.1,68.3,83.9,57.1,68.2,56.5,68,0,0,0,,,,,9.2,62.1,1016.1,13.9,1.7,175,15.1,6,,2017-12-14T06:58:29,2017-12-14T17:43:59,0.86,Clear,Clear conditions throughout the day.,clear-day,"42752099999,42662099999,42754099999,remote,VAID"
newyork,2017-12-15,86.1,59.3,70.8,84.1,59.3,70.7,56.9,64,0,0,0,,,,,10,108.9,1017,45.5,1.7,151.3,13.2,6,,2017-12-15T06:59:04,2017-12-15T17:44:22,0.9,Partially cloudy,Partly cloudy throughout the day.,partly-cloudy-day,"42752099999,42662099999,42754099999,remote,VAID"
newyork,2017-12-16,86.8,60.7,70,84.5,60.7,69.6,53,57.4,0,0,0,,,,,11.4,78.7,1018.9,45.7,1.7,167.1,14.5,6,,2017-12-16T06:59:39,2017-12-16T17:44:46,0.93,Partially cloudy,Partly cloudy throughout the day.,partly-cloudy-day,"42752099999,42662099999,42754099999,remote,VAID"
newyork,2017-12-17,84.6,59,68.3,82.4,59,68,49.8,53.4,0,0,0,,,,,11.4,67.6,1020.9,24.8,2.2,178.1,15.4,7,,2017-12-17T07:00:13,2017-12-17T17:45:11,0.97,Partially cloudy,Becoming cloudy in the afternoon.,partly-cloudy-day,"42752099999,42662099999,42754099999,remote,VAID"
newyork,2017-12-18,79.1,55.4,65.4,79.1,55.4,65.4,41.8,44.3,0,0,0,,,,,8.1,54.7,1021.2,70.9,2.6,119.9,10.4,5,,2017-12-18T07:00:46,2017-12-18T17:45:36,0,Partially cloudy,Partly cloudy throughout the day.,partly-cloudy-day,"42752099999,42662099999,42754099999,remote,VAID"
newyork,2017-12-19,78.9,54.9,65.8,78.9,54.9,65.8,37.5,38.2,0,0,0,,,,,12.8,64.6,1019.2,61.1,2.7,106.2,9.2,5,,2017-12-19T07:01:18,2017-12-19T17:46:04,0.03,Partially cloudy,Partly cloudy throughout the day.,partly-cloudy-day,"42752099999,42662099999,42754099999,remote,VAID"
newyork,2017-12-20,81.6,56.4,66.1,79.6,56.4,65.9,35,34.9,0,0,0,,,,,11,59.3,1019.6,81.3,2.5,122.5,10.5,5,,2017-12-20T07:01:50,2017-12-20T17:46:32,0.07,Partially cloudy,Partly cloudy throughout the day.,partly-cloudy-day,"42752099999,42662099999,42754099999,remote,VAID"
newyork,2017-12-21,87.7,51,67,84,51,66.5,36.7,37.5,0,0,0,,,,,9.2,63,1019.4,43.7,2.3,185.8,16.1,7,,2017-12-21T07:02:21,2017-12-21T17:47:01,0.1,Partially cloudy,Partly cloudy throughout the day.,partly-cloudy-day,"42752099999,42662099999,42754099999,remote,VAID"
newyork,2017-12-22,77.6,54.2,64.6,77.6,54.2,64.6,39,41.3,0,0,0,,,,,15,64.3,1018.2,60,1.4,104.4,9,4,,2017-12-22T07:02:51,2017-12-22T17:47:31,0.13,Partially cloudy,Partly cloudy throughout the day.,partly-cloudy-day,"42752099999,42662099999,42754099999,remote,VAID"
newyork,2017-12-23,85.6,53.6,67.2,82.3,53.6,66.7,41.5,44.2,0,0,0,,,,,10.3,86,1015.8,33.2,2.1,173.2,15,7,,2017-12-23T07:03:20,2017-12-23T17:48:02,0.17,Partially cloudy,Clearing in the afternoon.,partly-cloudy-day,"42752099999,42662099999,42754099999,remote,VAID"
newyork,2017-12-24,86.1,53.1,68.2,82.7,53.1,67.7,41,41.7,0,0,0,,,,,7.4,100.3,1013.8,0.3,2.4,185.3,16.1,7,,2017-12-24T07:03:48,2017-12-24T17:48:34,0.2,Clear,Clear conditions throughout the day.,clear-day,"42752099999,42662099999,42754099999,remote,VAID"
newyork,2017-12-25,85.6,53.3,66.3,82.3,53.3,65.8,38.9,41,0,0,0,,,,,10.3,46.7,1016.4,0,2.6,194.2,16.8,7,,2017-12-25T07:04:15,2017-12-25T17:49:06,0.24,Clear,Clear conditions throughout the day.,clear-day,"42752099999,42662099999,42754099999,remote,VAID"
newyork,2017-12-26,83,48.5,64.3,80.4,45.2,63.7,31.9,33.7,0,0,0,,,,,9.4,72.6,1017,0,2.8,209.8,18.2,8,,2017-12-26T07:04:41,2017-12-26T17:49:40,0.25,Clear,Clear conditions throughout the day.,clear-day,"42752099999,42662099999,42754099999,remote,VAID"
newyork,2017-12-27,85.2,49,65.4,82,45.9,64.9,35.4,37.1,0,0,0,,,,,7.4,85.8,1016.5,0,2.7,207,17.8,8,,2017-12-27T07:05:06,2017-12-27T17:50:15,0.3,Clear,Clear conditions throughout the day.,clear-day,"42752099999,42662099999,42754099999,remote,VAID"
newyork,2017-12-28,86.8,50.4,67,83.3,50.4,66.6,37.1,37.3,0,0,0,,,,,7.4,90.5,1015.4,12.1,2.7,205.3,17.6,8,,2017-12-28T07:05:29,2017-12-28T17:50:50,0.34,Clear,Clear conditions throughout the day.,clear-day,"42752099999,42662099999,42754099999,remote,VAID"
newyork,2017-12-29,86.8,55.4,68.1,83.3,55.4,67.4,37.8,38.9,0,0,0,,,,,7.4,98,1014.9,15.4,2.3,199.4,17.3,7,,2017-12-29T07:05:52,2017-12-29T17:51:26,0.37,Clear,Clear conditions throughout the day.,clear-day,"42752099999,42662099999,42754099999,remote,VAID"
newyork,2017-12-30,85.7,51.7,67.3,82.5,51.7,66.9,40.1,40.1,0,0,0,,,,,9.2,96.1,1014.4,0,2.7,193.4,16.7,7,,2017-12-30T07:06:14,2017-12-30T17:52:02,0.4,Clear,Clear conditions throughout the day.,clear-day,"42752099999,42662099999,42754099999,remote,VAID"
newyork,2017-12-31,84.3,53.7,67.8,81.4,53.7,67.3,41.3,42.3,0,0,0,,,,,45.9,97.7,1013.6,1.4,2.4,183.2,15.9,7,,2017-12-31T07:06:34,2017-12-31T17:52:40,0.44,Clear,Clear conditions throughout the day.,wind,"42752099999,42662099999,42754099999,remote,VAID"
